Date,BIL,SHY,IEI,IEF,TLH,TLT,TIP
2010-01-04,88.54,76.76,95.91,72.4,85.38,68.08,85.92
2010-01-05,88.52,76.86,96.21,72.72,85.84,68.52,86.2
2010-01-06,88.52,76.86,96.08,72.43,85.3,67.61,85.98
2010-01-07,88.52,76.85,96.05,72.43,85.38,67.72,86.11
2010-01-08,88.52,76.92,96.19,72.52,85.54,67.69,86.29
2010-01-11,88.52,76.96,96.29,72.57,85.44,67.32,86.11
2010-01-12,88.52,77.02,96.71,73.09,86.5,68.47,86.5
2010-01-13,88.56,76.96,96.39,72.74,85.93,67.67,86.11
2010-01-14,88.54,77.03,96.62,73.08,86.47,68.62,86.34
2010-01-15,88.54,77.1,96.88,73.4,86.85,69.05,86.62
2010-01-19,88.54,77.11,96.79,73.27,86.63,68.85,86.55
2010-01-20,88.54,77.11,96.97,73.53,87.12,69.55,86.68
2010-01-21,88.54,77.18,97.24,73.8,87.68,69.86,86.85
2010-01-22,88.54,77.24,97.29,73.86,87.82,69.74,86.76
2010-01-25,88.56,77.18,97.21,73.7,87.36,69.42,86.54
2010-01-26,88.56,77.19,97.33,73.84,87.51,69.45,86.81
2010-01-27,88.57,77.16,97.12,73.67,87.4,69.41,86.58
2010-01-28,88.56,77.2,97.24,73.65,87.32,69.37,86.69
2010-01-29,88.57,77.27,97.47,73.93,87.7,69.98,87.01
2010-02-01,88.56,77.24,97.31,73.68,87.23,69.34,86.98
2010-02-02,88.54,77.25,97.36,73.8,87.38,69.54,87.13
2010-02-03,88.57,77.19,97.15,73.45,86.88,68.73,86.78
2010-02-04,88.57,77.3,97.71,74.06,87.79,69.82,87.01
2010-02-05,88.57,77.42,97.93,74.29,88.1,69.97,86.85
2010-02-08,88.57,77.37,97.83,74.23,88.04,70.07,86.72
2010-02-09,88.57,77.29,97.62,73.83,87.46,69.37,86.42
2010-02-10,88.57,77.21,97.35,73.62,86.99,68.7,86.17
2010-02-11,88.57,77.24,97.37,73.53,86.71,68.33,85.96
2010-02-12,88.57,77.3,97.56,73.71,87.0,68.61,85.96
2010-02-16,88.57,77.31,97.64,73.87,87.22,68.74,86.21
2010-02-17,88.52,77.25,97.31,73.48,86.47,67.96,86.04
2010-02-18,88.56,77.2,97.11,73.21,86.13,67.68,85.97
2010-02-19,88.52,77.17,97.0,73.26,86.39,68.05,85.82
2010-02-22,88.56,77.2,97.03,73.2,86.12,67.77,85.61
2010-02-23,88.52,77.27,97.49,73.75,87.1,68.83,85.87
2010-02-24,88.56,77.3,97.46,73.8,87.2,68.99,85.7
2010-02-25,88.56,77.37,97.78,74.07,87.47,69.38,85.7
2010-02-26,88.56,77.4,97.86,74.18,87.8,69.74,85.88
2010-03-01,88.52,77.38,97.92,74.26,87.9,69.71,85.89
2010-03-02,88.54,77.38,98.01,74.3,87.89,69.62,85.96
2010-03-03,88.52,77.37,98.01,74.22,87.67,69.44,85.92
2010-03-04,88.52,77.34,98.03,74.36,88.08,69.81,86.01
2010-03-05,88.52,77.28,97.7,74.0,87.3,68.89,85.82
2010-03-08,88.52,77.24,97.59,73.81,87.06,68.53,85.75
2010-03-09,88.52,77.3,97.71,73.99,87.12,68.55,85.9
2010-03-10,88.54,77.28,97.56,73.87,87.07,68.37,85.81
2010-03-11,88.52,77.19,97.45,73.81,87.12,68.62,85.91
2010-03-12,88.52,77.2,97.46,73.92,87.39,69.05,86.13
2010-03-15,88.52,77.22,97.51,73.92,87.39,68.96,86.11
2010-03-16,88.52,77.24,97.75,74.21,87.96,69.51,86.44
2010-03-17,88.52,77.26,97.74,74.3,88.15,69.81,86.62
2010-03-18,88.52,77.21,97.53,74.1,87.89,69.58,86.27
2010-03-19,88.52,77.16,97.36,74.0,88.04,69.65,86.1
2010-03-22,88.54,77.19,97.6,74.25,88.15,69.72,86.3
2010-03-23,88.54,77.16,97.51,74.09,87.82,69.39,86.24
2010-03-24,88.52,77.04,96.87,73.35,86.74,68.13,85.54
2010-03-25,88.56,77.07,96.74,73.08,86.25,67.69,85.43
2010-03-26,88.56,77.11,96.89,73.26,86.49,67.88,85.53
2010-03-29,88.52,77.15,96.89,73.15,86.38,67.62,85.43
2010-03-30,88.52,77.13,96.92,73.22,86.53,67.84,85.5
2010-03-31,88.56,77.19,97.1,73.4,86.8,68.3,85.87
2010-04-01,88.56,77.16,96.98,73.24,86.65,68.14,85.86
2010-04-05,88.52,76.95,96.35,72.59,85.71,67.0,85.25
2010-04-06,88.52,77.0,96.54,72.8,85.76,67.11,85.59
2010-04-07,88.52,77.12,96.89,73.25,86.6,67.97,86.2
2010-04-08,88.52,77.1,96.83,73.17,86.43,68.0,86.12
2010-04-09,88.52,77.12,96.85,73.25,86.57,68.16,86.21
2010-04-12,88.52,77.16,97.04,73.45,86.94,68.52,86.45
2010-04-13,88.52,77.14,97.15,73.59,87.11,68.74,86.52
2010-04-14,88.52,77.14,97.05,73.39,86.76,68.26,86.41
2010-04-15,88.52,77.2,97.22,73.52,86.97,68.34,86.66
2010-04-16,88.52,77.32,97.61,73.96,87.52,68.83,86.86
2010-04-19,88.54,77.24,97.4,73.78,87.22,68.67,86.66
2010-04-20,88.52,77.25,97.36,73.81,87.37,68.91,86.86
2010-04-21,88.52,77.26,97.5,74.05,87.82,69.48,87.13
2010-04-22,88.52,77.21,97.31,73.88,87.67,69.27,86.88
2010-04-23,88.52,77.18,97.16,73.67,87.36,69.03,86.89
2010-04-26,88.54,77.18,97.24,73.72,87.41,69.1,86.96
2010-04-27,88.52,77.33,97.89,74.41,88.44,70.07,87.47
2010-04-28,88.54,77.31,97.56,74.03,87.8,69.48,87.29
2010-04-29,88.54,77.33,97.7,74.16,88.16,69.77,87.75
2010-04-30,88.52,77.42,98.0,74.61,88.79,70.57,88.03
2010-05-03,88.54,77.34,97.81,74.41,88.67,70.48,87.88
2010-05-04,88.52,77.39,98.22,74.92,89.45,71.75,88.01
2010-05-05,88.54,77.49,98.54,75.21,89.75,72.17,88.05
2010-05-06,88.56,77.66,99.09,76.03,91.39,74.4,88.45
2010-05-07,88.56,77.63,99.11,75.82,90.86,73.47,88.26
2010-05-10,88.56,77.53,98.63,75.25,89.96,71.95,88.01
2010-05-11,88.56,77.57,98.73,75.34,89.95,71.76,88.18
2010-05-12,88.56,77.56,98.58,75.15,89.52,71.22,88.29
2010-05-13,88.54,77.6,98.74,75.35,89.94,71.69,88.36
2010-05-14,88.56,77.7,99.21,75.84,90.75,72.93,88.62
2010-05-17,88.56,77.68,99.07,75.68,90.45,72.66,88.31
2010-05-18,88.54,77.76,99.47,76.23,91.35,73.78,88.77
2010-05-19,88.56,77.72,99.42,76.29,91.51,74.02,88.2
2010-05-20,88.56,77.82,99.92,77.04,92.61,75.58,88.19
2010-05-21,88.56,77.76,99.89,77.08,92.66,75.66,88.25
2010-05-24,88.56,77.75,99.87,77.08,92.59,75.4,88.16
2010-05-25,88.56,77.74,99.98,77.34,92.97,75.77,87.87
2010-05-26,88.57,77.68,99.79,77.19,92.76,75.55,88.04
2010-05-27,88.54,77.62,99.25,76.45,91.43,73.84,87.71
2010-05-28,88.56,77.77,99.49,76.8,91.68,74.18,88.2
2010-06-01,88.56,77.77,99.76,76.9,92.03,74.7,88.04
2010-06-02,88.57,77.71,99.44,76.46,91.54,73.99,87.94
2010-06-03,88.54,77.7,99.36,76.35,91.18,73.45,87.99
2010-06-04,88.57,77.87,100.16,77.41,92.75,75.42,88.55
2010-06-07,88.56,77.84,100.37,77.72,93.26,76.0,88.62
2010-06-08,88.57,77.84,100.17,77.48,92.95,75.62,88.4
2010-06-09,88.57,77.84,100.21,77.49,92.95,75.54,88.49
2010-06-10,88.57,77.74,99.65,76.77,91.78,74.19,87.84
2010-06-11,88.57,77.83,100.02,77.26,92.55,75.13,88.34
2010-06-14,88.54,77.84,99.94,77.19,92.27,74.75,88.34
2010-06-15,88.54,77.81,99.74,76.95,91.94,74.44,88.23
2010-06-16,88.54,77.83,99.93,77.17,92.34,74.86,88.5
2010-06-17,88.54,77.87,100.18,77.53,92.9,75.47,88.93
2010-06-18,88.56,77.88,100.09,77.38,92.73,75.35,88.78
2010-06-21,88.54,77.89,100.01,77.32,92.58,75.13,88.83
2010-06-22,88.56,77.93,100.4,77.78,93.34,76.03,89.04
2010-06-23,88.56,77.98,100.6,78.07,93.74,76.54,89.06
2010-06-24,88.56,78.0,100.64,78.01,93.52,76.09,88.8
2010-06-25,88.56,78.03,100.74,78.13,93.77,76.4,89.11
2010-06-28,88.56,78.08,101.14,78.68,94.46,77.11,89.32
2010-06-29,88.56,78.11,101.37,79.02,95.02,77.95,89.4
2010-06-30,88.57,78.1,101.34,79.14,95.21,78.48,89.33
2010-07-01,88.56,78.07,101.28,79.1,95.25,78.6,88.82
2010-07-02,88.56,78.07,101.22,78.96,94.93,77.98,88.65
2010-07-06,88.54,78.07,101.46,79.15,95.34,78.62,88.75
2010-07-07,88.54,78.06,101.34,78.9,94.86,77.7,88.39
2010-07-08,88.56,78.07,101.21,78.71,94.62,77.2,88.52
2010-07-09,88.54,78.04,101.1,78.51,94.25,76.76,88.59
2010-07-12,88.56,78.05,101.15,78.64,94.29,76.73,88.53
2010-07-13,88.56,78.0,100.88,78.25,93.8,76.07,88.43
2010-07-14,88.56,78.08,101.27,78.64,94.41,76.84,88.68
2010-07-15,88.56,78.1,101.55,79.05,95.14,77.6,88.79
2010-07-16,88.56,78.17,101.89,79.5,95.54,77.98,88.58
2010-07-19,88.54,78.14,101.79,79.29,95.23,77.5,88.23
2010-07-20,88.54,78.17,101.88,79.38,95.35,77.62,88.33
2010-07-21,88.54,78.21,102.16,79.88,96.28,78.93,88.8
2010-07-22,88.54,78.18,101.98,79.44,95.65,78.02,88.71
2010-07-23,88.56,78.14,101.72,79.19,95.03,77.19,88.49
2010-07-26,88.52,78.12,101.7,79.16,94.9,77.06,88.52
2010-07-27,88.52,78.07,101.45,78.89,94.46,76.32,88.39
2010-07-28,88.54,78.14,101.83,79.23,94.77,76.57,88.69
2010-07-29,88.52,78.21,102.09,79.39,94.94,76.54,88.8
2010-07-30,88.54,78.25,102.44,79.86,95.95,77.74,89.11
2010-08-02,88.52,78.23,102.24,79.61,95.31,76.64,89.28
2010-08-03,88.52,78.28,102.68,79.99,95.8,77.09,89.75
2010-08-04,88.52,78.22,102.34,79.65,95.39,76.5,89.44
2010-08-05,88.52,78.31,102.61,80.04,95.9,76.85,89.77
2010-08-06,88.52,78.33,102.93,80.56,96.68,77.69,89.85
2010-08-09,88.52,78.28,102.83,80.54,96.51,77.4,89.81
2010-08-10,88.54,78.32,103.21,80.95,97.0,77.57,90.37
2010-08-11,88.56,78.34,103.41,81.41,97.88,78.61,90.36
2010-08-12,88.56,78.32,103.18,81.2,97.6,78.41,89.76
2010-08-13,88.56,78.31,103.34,81.55,98.29,79.39,90.0
2010-08-16,88.54,78.39,103.66,82.14,99.51,81.38,90.29
2010-08-17,88.56,78.37,103.48,81.72,99.01,80.91,90.09
2010-08-18,88.54,78.39,103.39,81.64,99.14,81.13,90.04
2010-08-19,88.54,78.41,103.58,82.01,99.89,82.4,90.05
2010-08-20,88.56,78.38,103.34,81.74,99.54,82.3,89.94
2010-08-23,88.54,78.39,103.51,81.85,99.66,82.32,89.94
2010-08-24,88.54,78.44,103.91,82.5,100.79,83.64,90.24
2010-08-25,88.56,78.37,103.64,82.12,100.24,83.37,90.24
2010-08-26,88.54,78.37,103.8,82.5,100.9,84.15,90.73
2010-08-27,88.54,78.31,103.21,81.55,99.2,81.77,90.19
2010-08-30,88.56,78.41,103.74,82.17,100.53,83.33,90.59
2010-08-31,88.54,78.43,103.93,82.54,101.16,84.26,90.84
2010-09-01,88.54,78.39,103.6,81.94,99.96,82.52,90.46
2010-09-02,88.56,78.37,103.46,81.6,99.36,81.64,90.29
2010-09-03,88.56,78.33,103.17,81.14,98.63,80.63,90.15
2010-09-07,88.54,78.42,103.59,81.78,99.68,82.28,90.65
2010-09-08,88.54,78.36,103.39,81.55,99.23,81.63,90.38
2010-09-09,88.54,78.28,102.88,80.91,98.14,80.02,90.18
2010-09-10,88.54,78.27,102.75,80.68,97.83,79.65,90.27
2010-09-13,88.54,78.33,103.13,81.06,98.21,80.04,90.89
2010-09-14,88.56,78.39,103.47,81.47,98.88,80.81,90.79
2010-09-15,88.56,78.41,103.38,81.19,98.22,79.61,90.6
2010-09-16,88.56,78.42,103.28,80.9,97.68,78.83,90.42
2010-09-17,88.54,78.44,103.4,81.09,97.85,79.15,90.16
2010-09-20,88.54,78.45,103.6,81.34,98.21,79.6,90.51
2010-09-21,88.54,78.51,104.1,82.09,99.27,80.71,91.67
2010-09-22,88.54,78.5,104.07,82.22,99.58,81.43,91.79
2010-09-23,88.54,78.51,104.15,82.34,99.79,81.67,91.73
2010-09-24,88.56,78.5,103.94,81.93,98.99,80.57,91.26
2010-09-27,88.56,78.52,104.32,82.56,100.1,81.97,91.53
2010-09-28,88.54,78.54,104.52,82.84,100.64,82.53,92.17
2010-09-29,88.54,78.52,104.45,82.64,100.42,82.19,91.76
2010-09-30,88.54,78.53,104.42,82.54,100.27,82.13,91.56
2010-10-01,88.54,78.54,104.49,82.58,100.24,81.74,91.81
2010-10-04,88.56,78.55,104.68,82.87,100.53,81.95,91.95
2010-10-05,88.54,78.59,104.79,82.89,100.28,81.46,92.54
2010-10-06,88.54,78.6,105.03,83.42,101.15,82.48,93.35
2010-10-07,88.54,78.66,105.13,83.51,100.94,81.79,93.14
2010-10-08,88.54,78.66,105.22,83.54,100.89,81.43,93.76
2010-10-11,88.54,78.67,105.27,83.62,101.04,81.45,93.76
2010-10-12,88.54,78.62,105.08,83.38,100.47,80.64,93.47
2010-10-13,88.54,78.62,105.18,83.38,100.3,80.52,94.03
2010-10-14,88.56,78.59,104.86,82.91,99.56,79.32,94.33
2010-10-15,88.54,78.62,104.78,82.55,98.79,78.35,93.72
2010-10-18,88.56,78.63,105.14,82.94,99.48,78.98,93.93
2010-10-19,88.54,78.67,105.22,83.22,99.75,79.46,93.98
2010-10-20,88.54,78.68,105.27,83.17,99.85,79.63,93.96
2010-10-21,88.54,78.69,105.04,82.71,99.18,78.68,93.96
2010-10-22,88.56,78.67,104.98,82.74,99.25,79.21,93.98
2010-10-25,88.54,78.69,104.91,82.71,99.5,79.44,94.27
2010-10-26,88.56,78.62,104.53,82.16,98.44,78.21,93.76
2010-10-27,88.56,78.58,104.22,81.69,97.78,77.53,93.18
2010-10-28,88.54,78.68,104.75,82.16,98.21,77.74,93.51
2010-10-29,88.56,78.7,105.03,82.53,98.65,78.46,93.82
2010-11-01,88.56,78.73,105.08,82.39,98.48,78.13,93.97
2010-11-02,88.52,78.69,105.16,82.67,99.13,79.15,94.2
2010-11-03,88.54,78.71,105.45,82.94,98.58,77.54,94.03
2010-11-04,88.54,78.73,105.78,83.61,99.46,78.14,94.26
2010-11-05,88.54,78.67,105.49,83.25,98.73,76.8,93.94
2010-11-08,88.54,78.63,105.44,83.28,98.76,77.15,94.06
2010-11-09,88.54,78.53,104.86,82.58,97.54,75.45,93.21
2010-11-10,88.54,78.57,105.07,82.89,97.81,75.55,93.44
2010-11-11,88.52,78.45,104.91,82.79,97.68,75.51,93.45
2010-11-12,88.56,78.45,104.41,82.11,96.88,75.1,92.68
2010-11-15,88.56,78.41,103.68,81.05,95.39,73.53,91.52
2010-11-16,88.56,78.44,103.93,81.65,96.68,75.36,91.69
2010-11-17,88.56,78.49,103.89,81.42,96.17,74.94,91.7
2010-11-18,88.54,78.5,103.69,81.23,95.99,75.25,91.86
2010-11-19,88.54,78.45,103.65,81.4,96.42,75.71,92.12
2010-11-22,88.54,78.53,104.1,81.83,96.96,76.03,92.44
2010-11-23,88.54,78.57,104.24,82.0,97.3,76.41,92.47
2010-11-24,88.56,78.44,103.59,81.12,95.99,75.05,91.98
2010-11-26,88.56,78.49,103.78,81.47,96.56,76.09,92.25
2010-11-29,88.56,78.48,103.84,81.65,96.95,76.74,92.35
2010-11-30,88.56,78.54,104.02,81.79,97.3,77.14,92.24
2010-12-01,88.54,78.42,103.33,80.71,95.66,75.42,91.64
2010-12-02,88.54,78.42,103.09,80.51,95.39,75.23,91.6
2010-12-03,88.56,78.52,103.3,80.52,95.24,74.64,91.59
2010-12-06,88.54,78.57,103.69,81.02,96.05,75.69,91.96
2010-12-07,88.54,78.43,102.85,79.68,94.28,74.07,91.04
2010-12-08,88.54,78.31,102.21,79.0,93.43,73.36,90.16
2010-12-09,88.56,78.3,102.01,79.17,93.58,73.72,90.05
2010-12-10,88.56,78.27,101.65,78.5,92.86,73.27,89.61
2010-12-13,88.56,78.32,102.0,78.75,93.24,73.54,90.15
2010-12-14,88.56,78.28,101.42,77.92,91.87,72.47,89.29
2010-12-15,88.54,78.25,101.23,77.6,91.49,71.53,89.57
2010-12-16,88.54,78.27,101.46,78.06,92.01,72.03,89.96
2010-12-17,88.56,78.34,101.91,78.73,92.96,73.34,90.57
2010-12-20,88.56,78.35,101.97,78.72,92.97,73.26,90.56
2010-12-21,88.56,78.34,101.99,78.89,93.11,73.77,90.72
2010-12-22,88.54,78.32,101.83,78.67,92.81,73.24,90.65
2010-12-23,88.54,78.21,101.55,78.4,92.46,73.1,90.31
2010-12-27,88.54,78.26,101.67,78.7,93.11,73.75,90.5
2010-12-28,88.56,78.16,101.16,77.87,91.84,72.3,89.83
2010-12-29,88.54,78.34,101.89,78.75,93.07,73.53,90.41
2010-12-30,88.56,78.32,101.73,78.59,92.95,73.47,90.33
2010-12-31,88.54,78.41,101.89,78.98,93.55,74.28,90.96
2011-01-03,88.56,78.39,101.95,78.74,93.21,73.72,90.57
2011-01-04,88.56,78.37,102.01,78.92,93.29,73.81,90.8
2011-01-05,88.56,78.23,101.44,78.07,91.99,72.19,90.46
2011-01-06,88.56,78.32,101.66,78.48,92.45,72.5,90.72
2011-01-07,88.54,78.43,102.18,79.0,93.01,72.89,91.01
2011-01-10,88.56,78.47,102.44,79.27,93.42,73.28,91.27
2011-01-11,88.56,78.42,102.24,78.96,93.03,72.87,91.3
2011-01-12,88.54,78.42,102.13,78.73,92.63,72.3,91.28
2011-01-13,88.54,78.45,102.53,79.26,93.3,72.95,91.56
2011-01-14,88.54,78.45,102.45,79.04,93.07,72.49,91.16
2011-01-18,88.54,78.43,102.29,78.85,92.71,72.15,91.18
2011-01-19,88.56,78.47,102.42,79.05,93.05,72.67,91.21
2011-01-20,88.56,78.38,101.97,78.44,92.2,71.66,90.35
2011-01-21,88.54,78.4,102.12,78.7,92.53,72.23,90.52
2011-01-24,88.54,78.39,102.13,78.7,92.58,72.26,90.46
2011-01-25,88.56,78.45,102.44,79.1,93.35,72.95,90.81
2011-01-26,88.54,78.43,102.19,78.62,92.45,71.85,90.66
2011-01-27,88.56,78.48,102.4,78.92,92.71,72.17,90.6
2011-01-28,88.54,78.52,102.68,79.28,93.25,72.55,90.95
2011-01-31,88.54,78.51,102.51,78.97,92.82,72.0,90.97
2011-02-01,88.54,78.43,102.19,78.6,92.31,71.64,90.89
2011-02-02,88.54,78.38,101.94,78.41,92.1,71.66,90.65
2011-02-03,88.54,78.3,101.56,77.97,91.69,71.06,90.17
2011-02-04,88.56,78.24,101.14,77.48,90.92,70.34,89.66
2011-02-07,88.54,78.2,101.06,77.45,90.92,70.71,89.65
2011-02-08,88.54,78.1,100.58,76.92,90.3,70.06,89.18
2011-02-09,88.56,78.15,100.88,77.36,90.92,70.67,89.43
2011-02-10,88.54,78.12,100.66,77.1,90.62,69.85,88.88
2011-02-11,88.54,78.12,100.83,77.46,91.21,70.86,89.34
2011-02-14,88.54,78.12,100.84,77.48,91.49,70.9,89.41
2011-02-15,88.56,78.15,100.97,77.66,91.7,71.22,89.52
2011-02-16,88.56,78.15,100.93,77.55,91.54,70.99,89.39
2011-02-17,88.56,78.24,101.22,77.84,91.84,71.1,89.73
2011-02-18,88.54,78.27,101.29,77.82,91.82,70.88,90.2
2011-02-22,88.54,78.35,101.91,78.57,92.88,71.94,90.91
2011-02-23,88.56,78.33,101.77,78.38,92.76,72.2,91.24
2011-02-24,88.56,78.37,101.81,78.58,93.08,72.66,91.57
2011-02-25,88.56,78.39,101.95,78.83,93.49,73.09,91.87
2011-02-28,88.54,78.42,102.07,78.8,93.51,73.18,91.63
2011-03-01,88.54,78.46,102.2,78.89,93.55,73.4,92.16
2011-03-02,88.56,78.43,101.94,78.48,92.85,72.27,91.89
2011-03-03,88.54,78.27,101.37,77.94,92.14,71.56,91.64
2011-03-04,88.56,78.45,101.94,78.5,92.78,72.16,92.25
2011-03-07,88.54,78.39,101.8,78.31,92.48,71.7,92.18
2011-03-08,88.54,78.36,101.76,78.12,92.14,71.26,92.23
2011-03-09,88.54,78.42,102.02,78.58,92.72,71.95,92.36
2011-03-10,88.54,78.5,102.57,79.25,93.8,73.16,92.89
2011-03-11,88.56,78.51,102.52,79.06,93.51,72.74,92.74
2011-03-14,88.56,78.56,102.77,79.24,93.66,72.71,92.87
2011-03-15,88.57,78.52,102.84,79.53,94.27,73.8,92.85
2011-03-16,88.57,78.66,103.42,80.2,95.16,74.64,93.51
2011-03-17,88.57,78.62,103.23,79.96,94.8,74.06,93.7
2011-03-18,88.57,78.59,103.09,79.91,94.74,74.26,93.63
2011-03-21,88.57,78.5,102.66,79.49,94.28,73.83,93.23
2011-03-22,88.54,78.48,102.64,79.53,94.41,74.07,93.0
2011-03-23,88.56,78.49,102.55,79.43,94.17,73.98,92.85
2011-03-24,88.54,78.44,102.27,79.03,93.69,73.42,92.93
2011-03-25,88.54,78.38,102.04,78.81,93.45,73.24,92.5
2011-03-28,88.56,78.34,101.98,78.84,93.46,73.34,92.55
2011-03-29,88.54,78.31,101.78,78.61,93.12,72.78,92.36
2011-03-30,88.56,78.36,102.03,78.88,93.42,73.36,92.68
2011-03-31,88.54,78.31,101.8,78.68,93.32,73.21,92.72
2011-04-01,88.54,78.38,101.89,78.85,93.39,73.56,92.96
2011-04-04,88.54,78.4,102.13,79.03,93.63,73.64,93.38
2011-04-05,88.54,78.31,101.75,78.63,93.2,73.35,93.21
2011-04-06,88.54,78.31,101.53,78.29,92.52,72.24,92.7
2011-04-07,88.56,78.37,101.72,78.3,92.37,72.1,92.87
2011-04-08,88.54,78.34,101.58,78.07,92.13,71.72,93.06
2011-04-11,88.54,78.33,101.61,78.17,92.2,71.78,92.99
2011-04-12,88.56,78.46,102.1,78.61,92.85,72.56,93.46
2011-04-13,88.56,78.5,102.22,78.92,93.24,73.01,93.67
2011-04-14,88.54,78.42,102.04,78.65,93.06,72.96,93.55
2011-04-15,88.56,78.57,102.48,79.23,93.93,73.94,94.23
2011-04-18,88.54,78.59,102.77,79.42,94.18,74.11,94.26
2011-04-19,88.54,78.61,102.82,79.53,94.38,74.43,94.59
2011-04-20,88.54,78.6,102.57,79.21,93.92,73.95,94.27
2011-04-21,88.54,78.58,102.59,79.27,93.96,73.89,94.1
2011-04-25,88.54,78.59,102.78,79.55,94.36,74.17,94.35
2011-04-26,88.54,78.67,103.04,79.89,94.91,74.89,94.68
2011-04-27,88.54,78.7,103.02,79.66,94.37,74.12,94.45
2011-04-28,88.54,78.7,103.27,79.97,94.73,74.69,94.73
2011-04-29,88.54,78.73,103.42,80.13,95.12,74.92,94.92
2011-05-02,88.54,78.72,103.47,80.1,95.15,75.04,95.08
2011-05-03,88.54,78.75,103.56,80.32,95.44,75.46,95.24
2011-05-04,88.57,78.79,103.61,80.52,95.86,75.8,95.32
2011-05-05,88.57,78.8,103.88,80.92,96.51,76.52,95.21
2011-05-06,88.57,78.81,103.97,80.96,96.42,76.18,95.24
2011-05-09,88.57,78.85,104.07,81.08,96.44,76.1,95.44
2011-05-10,88.57,78.78,103.81,80.69,96.04,75.56,95.18
2011-05-11,88.57,78.85,104.05,80.98,96.42,75.99,94.88
2011-05-12,88.57,78.81,103.97,80.8,96.14,75.51,94.77
2011-05-13,88.56,78.85,104.14,81.12,96.65,76.19,94.76
2011-05-16,88.56,78.89,104.31,81.31,96.98,76.62,94.78
2011-05-17,88.56,78.9,104.44,81.55,97.44,77.4,94.86
2011-05-18,88.54,78.86,104.14,81.08,96.74,76.38,94.81
2011-05-19,88.57,78.87,104.23,81.17,96.73,76.34,94.56
2011-05-20,88.56,78.9,104.39,81.36,96.88,76.38,94.52
2011-05-23,88.56,78.91,104.45,81.47,97.18,76.75,94.53
2011-05-24,88.56,78.91,104.51,81.56,97.35,77.04,95.01
2011-05-25,88.56,78.94,104.54,81.57,97.23,76.68,95.04
2011-05-26,88.56,78.99,104.9,82.02,97.82,77.34,95.27
2011-05-27,88.56,79.02,104.97,82.01,97.61,77.31,95.42
2011-05-31,88.56,79.02,105.09,82.14,97.82,77.48,95.18
2011-06-01,88.54,79.07,105.55,82.81,98.95,78.53,95.86
2011-06-02,88.54,79.03,105.22,82.32,97.89,77.03,95.51
2011-06-03,88.54,79.05,105.43,82.64,98.29,77.48,95.66
2011-06-06,88.54,79.06,105.5,82.59,97.99,76.89,95.7
2011-06-07,88.56,79.12,105.67,82.74,98.17,77.24,95.84
2011-06-08,88.56,79.13,105.88,82.92,98.63,77.85,95.83
2011-06-09,88.54,79.04,105.57,82.59,98.18,77.53,95.72
2011-06-10,88.56,79.11,105.67,82.86,98.65,78.13,95.69
2011-06-13,88.54,79.08,105.6,82.68,98.38,77.73,95.68
2011-06-14,88.56,79.02,105.11,82.02,97.33,76.56,95.42
2011-06-15,88.56,79.13,105.76,82.91,98.44,77.95,95.91
2011-06-16,88.56,79.14,105.87,83.14,98.99,78.3,95.84
2011-06-17,88.56,79.16,105.9,83.08,98.84,77.93,95.79
2011-06-20,88.56,79.16,105.84,82.95,98.77,78.03,95.53
2011-06-21,88.54,79.17,105.77,82.84,98.41,77.68,95.76
2011-06-22,88.56,79.15,105.81,82.8,98.38,77.73,95.55
2011-06-23,88.56,79.19,106.12,83.24,99.09,78.33,96.24
2011-06-24,88.54,79.24,106.45,83.59,99.2,78.0,96.61
2011-06-27,88.54,79.17,106.22,83.26,98.49,76.93,96.46
2011-06-28,88.54,79.03,105.56,82.5,97.58,76.31,96.08
2011-06-29,88.56,79.03,105.23,82.0,96.87,75.8,96.11
2011-06-30,88.56,79.02,104.94,81.72,96.48,75.68,95.89
2011-07-01,88.54,78.99,104.79,81.52,96.28,75.56,96.0
2011-07-05,88.54,79.08,105.3,82.03,96.73,75.73,96.11
2011-07-06,88.56,79.11,105.41,82.18,96.99,76.12,96.39
2011-07-07,88.54,79.04,105.06,81.86,96.8,75.89,96.35
2011-07-08,88.54,79.15,105.78,82.73,97.88,76.97,96.79
2011-07-11,88.52,79.2,106.23,83.36,98.8,78.12,97.33
2011-07-12,88.54,79.19,106.39,83.48,99.23,78.39,97.72
2011-07-13,88.56,79.21,106.48,83.62,99.43,78.6,97.91
2011-07-14,88.56,79.19,106.19,83.14,98.71,77.48,97.32
2011-07-15,88.56,79.2,106.45,83.48,98.79,77.61,97.63
2011-07-18,88.56,79.2,106.44,83.43,98.52,76.86,97.71
2011-07-19,88.56,79.2,106.58,83.75,99.47,78.46,98.2
2011-07-20,88.54,79.18,106.32,83.34,98.84,77.53,97.64
2011-07-21,88.54,79.14,106.06,82.88,98.15,76.93,97.44
2011-07-22,88.56,79.15,106.19,83.19,98.62,77.51,97.77
2011-07-25,88.56,79.11,106.07,82.93,98.11,76.67,97.87
2011-07-26,88.56,79.16,106.32,83.28,98.61,77.19,97.91
2011-07-27,88.56,79.11,106.17,83.14,98.57,77.2,98.09
2011-07-28,88.56,79.16,106.29,83.3,98.74,77.49,98.49
2011-07-29,88.56,79.24,107.07,84.31,100.28,79.02,99.63
2011-08-01,88.56,79.21,107.22,84.62,100.76,79.82,99.91
2011-08-02,88.56,79.32,107.71,85.4,102.33,82.22,100.56
2011-08-03,88.56,79.31,107.64,85.47,102.47,82.38,99.94
2011-08-04,88.56,79.38,108.31,86.6,104.48,85.31,100.82
2011-08-05,88.56,79.36,107.66,85.59,102.94,82.85,99.67
2011-08-08,88.56,79.39,108.3,86.96,105.34,85.46,100.87
2011-08-09,88.56,79.48,108.76,87.46,106.11,85.72,101.71
2011-08-10,88.56,79.53,109.28,88.62,108.09,88.27,103.59
2011-08-11,88.56,79.52,108.69,87.32,105.39,83.82,101.43
2011-08-12,88.56,79.52,108.98,87.92,106.59,85.48,102.01
2011-08-15,88.56,79.5,108.79,87.6,105.87,84.61,101.49
2011-08-16,88.56,79.5,109.05,88.0,106.61,86.02,101.72
2011-08-17,88.56,79.52,109.24,88.62,107.54,87.52,102.25
2011-08-18,88.52,79.51,109.33,89.08,108.64,89.32,101.47
2011-08-19,88.56,79.51,109.25,89.18,109.06,90.04,101.81
2011-08-22,88.52,79.5,109.23,89.01,108.88,89.81,101.78
2011-08-23,88.56,79.46,109.05,88.65,108.19,88.57,101.15
2011-08-24,88.56,79.46,108.6,87.7,106.35,86.06,99.66
2011-08-25,88.52,79.51,108.95,88.24,107.08,86.99,100.44
2011-08-26,88.56,79.52,109.17,88.52,107.58,87.85,100.74
2011-08-29,88.56,79.5,108.94,87.94,106.64,86.63,100.14
2011-08-30,88.56,79.52,109.14,88.55,107.66,88.02,100.73
2011-08-31,88.56,79.52,109.03,88.23,106.83,86.66,100.28
2011-09-01,88.56,79.54,109.4,88.94,108.08,88.5,101.19
2011-09-02,88.56,79.5,109.55,89.75,109.95,91.38,102.29
2011-09-06,88.54,79.51,109.47,89.87,110.57,92.33,101.69
2011-09-07,88.52,79.49,109.41,89.39,109.54,90.56,101.42
2011-09-08,88.52,79.52,109.59,89.83,110.11,91.38,102.02
2011-09-09,88.54,79.55,109.87,90.27,110.89,92.35,102.14
2011-09-12,88.54,79.49,109.58,89.99,110.81,92.45,101.79
2011-09-13,88.52,79.5,109.52,89.73,110.17,91.13,101.35
2011-09-14,88.52,79.5,109.46,89.78,110.43,91.9,101.23
2011-09-15,88.52,79.51,109.26,89.11,109.34,90.5,101.03
2011-09-16,88.52,79.53,109.28,89.28,109.68,91.16,101.06
2011-09-19,88.54,79.57,109.71,90.01,110.97,92.89,101.32
2011-09-20,88.54,79.53,109.72,90.13,111.17,93.28,101.76
2011-09-21,88.54,79.44,109.71,90.52,112.35,96.37,101.93
2011-09-22,88.52,79.45,110.02,91.36,114.26,99.99,101.7
2011-09-23,88.54,79.46,109.68,90.6,113.12,98.13,101.11
2011-09-26,88.54,79.43,109.48,90.22,112.16,96.56,100.63
2011-09-27,88.52,79.41,109.26,89.62,111.01,95.08,100.81
2011-09-28,88.54,79.38,109.23,89.64,110.81,95.05,100.77
2011-09-29,88.54,79.4,109.15,89.64,111.1,95.7,100.45
2011-09-30,88.54,79.43,109.35,90.21,112.23,98.11,100.27
2011-10-03,88.54,79.45,109.76,91.04,113.89,100.81,101.25
2011-10-04,88.54,79.41,109.57,90.58,113.22,99.53,101.32
2011-10-05,88.54,79.41,109.34,90.2,112.7,98.81,101.25
2011-10-06,88.52,79.39,109.07,89.57,111.5,96.99,101.24
2011-10-07,88.54,79.36,108.76,89.11,110.91,96.27,100.9
2011-10-10,88.52,79.29,108.46,88.17,109.12,94.91,100.21
2011-10-11,88.54,79.33,108.47,88.46,109.73,94.6,100.44
2011-10-12,88.52,79.33,108.4,88.16,109.05,93.22,100.02
2011-10-13,88.54,79.35,108.61,88.51,109.5,94.15,100.08
2011-10-14,88.52,79.39,108.53,88.07,108.6,92.78,99.94
2011-10-17,88.52,79.4,108.74,88.65,109.66,94.38,100.31
2011-10-18,88.54,79.4,108.85,88.56,109.48,93.8,100.8
2011-10-19,88.54,79.42,108.9,88.69,109.45,93.76,100.64
2011-10-20,88.54,79.43,108.82,88.51,109.18,93.1,100.66
2011-10-21,88.52,79.41,108.76,88.35,108.77,92.11,100.55
2011-10-24,88.52,79.41,108.69,88.31,108.65,92.27,100.85
2011-10-25,88.54,79.45,109.16,89.06,110.17,94.61,101.75
2011-10-26,88.54,79.41,108.78,88.41,109.12,92.96,101.67
2011-10-27,88.52,79.35,108.28,87.34,106.99,89.81,101.09
2011-10-28,88.52,79.39,108.62,87.87,107.51,90.75,101.44
2011-10-31,88.5,79.46,109.33,89.05,109.93,94.35,102.34
2011-11-01,88.54,79.47,109.74,90.11,112.09,97.51,103.59
2011-11-02,88.52,79.49,109.76,89.9,111.5,96.29,103.63
2011-11-03,88.5,79.5,109.62,89.48,110.57,94.97,102.91
2011-11-04,88.52,79.5,109.7,89.74,110.74,95.08,103.46
2011-11-07,88.54,79.48,109.69,89.85,111.18,95.69,103.98
2011-11-08,88.54,79.47,109.56,89.44,110.4,94.46,103.29
2011-11-09,88.52,79.49,109.81,90.24,111.93,96.42,103.28
2011-11-10,88.54,79.5,109.7,89.8,111.14,94.99,103.48
2011-11-11,88.52,79.46,109.5,89.38,110.42,94.41,103.16
2011-11-14,88.54,79.5,109.77,89.94,111.34,95.93,103.3
2011-11-15,88.52,79.49,109.69,89.82,111.19,95.8,102.91
2011-11-16,88.54,79.47,109.8,90.15,111.82,96.67,102.62
2011-11-17,88.54,79.48,109.9,90.33,112.47,97.44,102.61
2011-11-18,88.54,79.45,109.64,89.99,112.04,97.42,102.63
2011-11-21,88.54,79.46,109.71,90.24,112.62,98.0,102.45
2011-11-22,88.52,79.47,109.87,90.52,113.21,99.09,102.77
2011-11-23,88.54,79.48,109.99,90.83,113.9,100.06,103.2
2011-11-25,88.54,79.48,109.79,90.25,112.95,98.61,102.87
2011-11-28,88.54,79.49,109.81,90.26,112.91,98.56,103.21
2011-11-29,88.5,79.5,109.74,90.09,112.45,97.75,103.18
2011-11-30,88.52,79.5,109.58,89.56,111.18,96.23,102.88
2011-12-01,88.5,79.5,109.59,89.54,110.94,95.74,102.85
2011-12-02,88.52,79.48,109.81,89.93,111.72,97.09,103.31
2011-12-05,88.52,79.49,109.73,89.88,111.73,96.89,103.3
2011-12-06,88.54,79.49,109.72,89.65,111.21,95.97,103.04
2011-12-07,88.52,79.52,109.91,90.06,111.55,96.31,102.86
2011-12-08,88.52,79.53,110.13,90.51,112.38,97.51,102.91
2011-12-09,88.5,79.53,109.95,89.89,111.18,95.51,102.36
2011-12-12,88.5,79.53,110.05,90.2,111.68,96.57,102.84
2011-12-13,88.5,79.53,110.15,90.62,112.57,97.47,103.12
2011-12-14,88.52,79.51,110.21,91.0,113.63,99.31,103.32
2011-12-15,88.5,79.5,110.13,90.92,113.58,98.94,103.07
2011-12-16,88.52,79.54,110.42,91.36,114.25,100.1,103.3
2011-12-19,88.52,79.53,110.41,91.67,114.89,101.37,103.71
2011-12-20,88.52,79.51,110.15,90.84,113.31,98.84,103.77
2011-12-21,88.52,79.48,109.93,90.55,112.6,97.46,103.37
2011-12-22,88.52,79.47,109.98,90.66,112.89,97.87,103.31
2011-12-23,88.52,79.49,109.72,90.29,112.08,96.78,103.19
2011-12-27,88.5,79.46,109.73,90.34,112.28,97.24,102.91
2011-12-28,88.5,79.48,110.01,90.91,113.39,99.04,103.17
2011-12-29,88.5,79.49,110.1,91.02,113.8,99.22,103.08
2011-12-30,88.5,79.54,110.36,91.34,113.81,99.54,103.05
2012-01-03,88.48,79.49,110.03,90.76,112.88,98.05,103.01
2012-01-04,88.48,79.5,110.0,90.48,112.23,96.88,103.11
2012-01-05,88.48,79.51,110.02,90.5,112.13,96.71,103.3
2012-01-06,88.48,79.5,110.23,90.85,112.69,97.47,103.65
2012-01-09,88.5,79.52,110.22,90.87,112.59,97.3,103.76
2012-01-10,88.5,79.53,110.18,90.69,112.48,97.14,103.44
2012-01-11,88.48,79.56,110.4,91.21,113.3,98.4,103.7
2012-01-12,88.48,79.55,110.35,91.02,113.14,98.26,103.54
2012-01-13,88.48,79.57,110.58,91.43,113.87,99.24,103.83
2012-01-17,88.48,79.58,110.59,91.52,114.1,99.7,103.94
2012-01-18,88.48,79.57,110.52,91.23,113.45,98.49,103.86
2012-01-19,88.48,79.57,110.2,90.69,112.41,97.14,103.48
2012-01-20,88.48,79.55,110.1,90.37,111.75,96.04,103.27
2012-01-23,88.48,79.56,110.0,90.18,111.28,95.43,103.06
2012-01-24,88.48,79.56,110.08,90.28,111.38,95.6,103.07
2012-01-25,88.48,79.6,110.5,90.71,111.87,95.37,103.86
2012-01-26,88.48,79.61,110.75,91.2,112.69,96.64,104.34
2012-01-27,88.48,79.63,110.82,91.47,113.01,96.94,104.56
2012-01-30,88.5,79.6,110.93,91.78,113.73,98.08,104.9
2012-01-31,88.48,79.6,111.05,92.13,114.46,99.21,105.41
2012-02-01,88.48,79.58,110.95,91.81,113.93,98.08,105.34
2012-02-02,88.48,79.59,111.0,91.94,114.01,98.04,105.34
2012-02-03,88.48,79.59,110.68,91.21,112.58,95.93,104.46
2012-02-06,88.5,79.57,110.81,91.46,113.08,96.88,104.93
2012-02-07,88.48,79.55,110.53,90.87,112.25,95.68,104.54
2012-02-08,88.5,79.55,110.52,90.92,112.23,95.76,104.51
2012-02-09,88.48,79.51,110.35,90.71,111.87,95.04,104.12
2012-02-10,88.5,79.53,110.61,91.22,112.63,96.28,104.6
2012-02-13,88.48,79.48,110.5,91.16,112.69,96.4,104.81
2012-02-14,88.5,79.5,110.54,91.35,113.01,96.91,104.81
2012-02-15,88.48,79.51,110.64,91.42,113.06,96.74,105.01
2012-02-16,88.5,79.48,110.32,91.0,112.45,95.96,104.74
2012-02-17,88.48,79.46,110.31,90.91,112.26,95.94,104.5
2012-02-21,88.48,79.45,110.11,90.58,111.6,94.88,104.44
2012-02-22,88.48,79.48,110.36,90.94,112.39,96.07,105.03
2012-02-23,88.48,79.47,110.37,91.07,112.55,96.07,105.06
2012-02-24,88.5,79.45,110.28,91.13,112.77,96.7,105.09
2012-02-27,88.48,79.47,110.51,91.44,113.41,97.55,105.26
2012-02-28,88.48,79.49,110.53,91.48,113.35,97.23,105.27
2012-02-29,88.5,79.49,110.36,91.12,112.78,96.64,104.8
2012-03-01,88.48,79.48,110.25,90.82,112.06,95.73,104.54
2012-03-02,88.48,79.5,110.57,91.19,112.7,96.63,104.55
2012-03-05,88.48,79.5,110.43,91.0,112.34,95.86,104.07
2012-03-06,88.48,79.5,110.63,91.39,113.05,97.02,104.37
2012-03-07,88.48,79.48,110.53,91.21,112.75,96.43,104.6
2012-03-08,88.5,79.45,110.37,90.94,112.19,95.46,104.56
2012-03-09,88.5,79.45,110.36,90.87,112.03,95.65,104.74
2012-03-12,88.5,79.46,110.27,90.85,112.07,95.64,104.88
2012-03-13,88.5,79.41,109.85,90.2,110.88,93.95,104.62
2012-03-14,88.48,79.3,109.23,89.16,109.1,91.59,103.65
2012-03-15,88.48,79.35,109.34,89.14,109.01,91.73,103.79
2012-03-16,88.48,79.39,109.24,89.11,109.08,91.91,103.85
2012-03-19,88.5,79.34,108.91,88.56,108.41,90.81,103.58
2012-03-20,88.5,79.32,108.83,88.61,108.45,91.17,103.48
2012-03-21,88.5,79.37,109.15,89.06,109.2,92.21,103.68
2012-03-22,88.5,79.37,109.26,89.17,109.51,92.5,103.79
2012-03-23,88.5,79.38,109.43,89.5,110.01,93.38,104.13
2012-03-26,88.5,79.4,109.49,89.4,109.82,92.9,103.83
2012-03-27,88.48,79.43,109.78,89.89,110.33,93.57,104.2
2012-03-28,88.5,79.41,109.7,89.74,110.32,93.43,104.06
2012-03-29,88.48,79.44,109.9,90.11,110.83,94.14,104.24
2012-03-30,88.48,79.43,109.72,89.67,109.83,92.54,103.9
2012-04-02,88.46,79.45,109.84,89.88,110.21,93.06,104.42
2012-04-03,88.48,79.39,109.42,89.22,109.2,91.44,103.65
2012-04-04,88.46,79.41,109.7,89.67,109.82,92.7,103.67
2012-04-05,88.48,79.44,109.95,90.07,110.49,93.37,103.94
2012-04-09,88.5,79.5,110.46,91.0,112.07,95.55,104.42
2012-04-10,88.5,79.53,110.67,91.42,112.86,96.64,105.02
2012-04-11,88.5,79.53,110.56,91.06,112.3,95.48,105.19
2012-04-12,88.48,79.53,110.46,90.88,112.0,95.08,105.0
2012-04-13,88.46,79.54,110.67,91.43,112.99,96.62,105.44
2012-04-16,88.48,79.54,110.75,91.4,112.94,96.48,105.38
2012-04-17,88.48,79.54,110.66,91.31,112.8,96.42,105.61
2012-04-18,88.48,79.56,110.71,91.49,113.02,96.7,105.49
2012-04-19,88.5,79.57,110.77,91.6,113.28,96.79,105.21
2012-04-20,88.48,79.57,110.74,91.6,113.24,96.81,105.48
2012-04-23,88.5,79.59,110.91,91.79,113.71,97.51,105.59
2012-04-24,88.5,79.56,110.78,91.55,113.34,96.83,105.62
2012-04-25,88.48,79.58,110.77,91.44,113.0,96.33,105.57
2012-04-26,88.5,79.59,110.93,91.74,113.51,96.91,105.97
2012-04-27,88.48,79.57,110.96,91.84,113.69,96.99,105.87
2012-04-30,88.5,79.59,111.03,91.92,113.75,97.02,105.75
2012-05-01,88.5,79.59,110.97,91.75,113.45,96.51,105.79
2012-05-02,88.5,79.6,111.01,91.92,113.86,97.19,105.91
2012-05-03,88.48,79.59,111.02,91.92,113.86,97.17,105.77
2012-05-04,88.48,79.62,111.17,92.28,114.45,97.93,106.0
2012-05-07,88.5,79.62,111.2,92.26,114.47,97.95,105.99
2012-05-08,88.5,79.63,111.27,92.46,114.86,98.47,106.18
2012-05-09,88.5,79.62,111.32,92.54,114.97,98.54,106.06
2012-05-10,88.5,79.61,111.26,92.41,114.89,98.25,106.04
2012-05-11,88.5,79.62,111.38,92.72,115.44,99.06,106.09
2012-05-14,88.5,79.61,111.53,93.13,116.28,100.44,106.59
2012-05-15,88.5,79.6,111.46,93.15,116.57,100.85,106.72
2012-05-16,88.5,79.59,111.46,93.22,116.8,101.14,106.5
2012-05-17,88.5,79.55,111.49,93.57,117.8,102.93,106.85
2012-05-18,88.5,79.56,111.47,93.51,117.65,102.96,107.1
2012-05-21,88.5,79.57,111.46,93.27,117.32,102.74,107.24
2012-05-22,88.46,79.54,111.36,93.07,116.86,101.6,107.02
2012-05-23,88.46,79.58,111.46,93.31,117.53,102.3,107.03
2012-05-24,88.5,79.55,111.33,93.11,117.02,101.91,106.88
2012-05-25,88.5,79.59,111.46,93.38,117.22,102.29,106.98
2012-05-29,88.5,79.57,111.37,93.3,117.15,101.98,106.67
2012-05-30,88.5,79.61,111.79,94.19,118.76,104.56,107.29
2012-05-31,88.5,79.64,111.96,94.55,119.35,105.77,107.81
2012-06-01,88.5,79.64,112.18,95.37,121.05,108.29,108.26
2012-06-04,88.5,79.63,111.84,94.82,120.46,107.43,108.05
2012-06-05,88.5,79.65,111.81,94.5,119.73,105.99,107.96
2012-06-06,88.48,79.63,111.53,93.88,118.33,103.87,107.45
2012-06-07,88.48,79.62,111.63,94.11,118.55,104.03,107.44
2012-06-08,88.48,79.62,111.65,94.18,118.61,104.01,107.52
2012-06-11,88.48,79.62,111.74,94.43,119.08,104.48,107.51
2012-06-12,88.5,79.58,111.47,93.93,118.22,103.53,107.28
2012-06-13,88.5,79.57,111.71,94.42,118.95,104.55,107.52
2012-06-14,88.5,79.58,111.58,94.17,118.66,104.41,107.37
2012-06-15,88.48,79.61,111.86,94.61,119.21,105.0,108.05
2012-06-18,88.5,79.59,111.82,94.58,119.36,105.56,108.0
2012-06-19,88.46,79.58,111.71,94.26,118.68,104.18,107.88
2012-06-20,88.46,79.55,111.52,94.07,118.44,104.7,107.74
2012-06-21,88.5,79.56,111.61,94.27,118.95,105.25,107.28
2012-06-22,88.48,79.57,111.47,93.86,118.18,103.85,106.77
2012-06-25,88.5,79.57,111.68,94.37,119.01,105.36,107.26
2012-06-26,88.5,79.55,111.62,94.16,118.7,104.95,107.19
2012-06-27,88.48,79.55,111.68,94.29,118.85,105.11,107.29
2012-06-28,88.5,79.56,111.82,94.6,119.26,105.37,107.34
2012-06-29,88.46,79.56,111.74,94.16,118.18,104.0,107.09
2012-07-02,88.46,79.58,111.93,94.6,119.07,105.07,107.31
2012-07-03,88.46,79.56,111.81,94.36,118.5,104.26,107.5
2012-07-05,88.46,79.59,111.91,94.62,118.8,104.8,107.74
2012-07-06,88.46,79.62,112.06,94.95,119.44,105.77,107.9
2012-07-09,88.46,79.62,112.17,95.21,120.01,106.7,108.1
2012-07-10,88.46,79.62,112.19,95.26,120.15,106.92,108.38
2012-07-11,88.46,79.63,112.13,95.17,120.23,107.05,108.27
2012-07-12,88.46,79.65,112.19,95.39,120.73,107.81,108.49
2012-07-13,88.48,79.67,112.21,95.31,120.51,107.53,108.54
2012-07-16,88.46,79.7,112.36,95.52,120.86,108.03,108.67
2012-07-17,88.46,79.69,112.27,95.27,120.41,107.18,108.53
2012-07-18,88.46,79.71,112.35,95.37,120.37,107.24,108.55
2012-07-19,88.48,79.73,112.3,95.23,120.13,106.96,108.65
2012-07-20,88.46,79.73,112.5,95.6,120.99,108.27,108.99
2012-07-23,88.46,79.74,112.58,95.76,121.26,108.88,108.9
2012-07-24,88.48,79.73,112.64,95.95,121.78,109.73,108.97
2012-07-25,88.5,79.73,112.65,96.0,121.77,110.02,108.85
2012-07-26,88.48,79.73,112.53,95.7,121.29,109.01,108.7
2012-07-27,88.5,79.68,112.21,95.01,119.98,106.95,108.38
2012-07-30,88.5,79.72,112.39,95.32,120.41,107.75,108.69
2012-07-31,88.46,79.73,112.52,95.48,120.71,107.97,108.97
2012-08-01,88.48,79.72,112.36,95.13,120.21,107.43,109.01
2012-08-02,88.48,79.73,112.48,95.36,120.61,108.04,108.99
2012-08-03,88.48,79.7,112.19,94.86,119.53,106.29,108.8
2012-08-06,88.5,79.71,112.26,94.92,119.62,106.34,108.87
2012-08-07,88.48,79.67,111.99,94.43,118.76,104.97,108.63
2012-08-08,88.46,79.65,111.87,94.29,118.45,104.41,108.31
2012-08-09,88.46,79.65,111.88,94.22,118.36,104.33,108.1
2012-08-10,88.46,79.66,111.98,94.5,118.78,104.86,108.18
2012-08-13,88.46,79.67,112.0,94.43,118.74,104.68,108.03
2012-08-14,88.46,79.66,111.8,93.97,117.83,103.27,107.56
2012-08-15,88.46,79.63,111.56,93.5,116.88,101.82,106.76
2012-08-16,88.46,79.62,111.43,93.27,116.45,100.95,106.5
2012-08-17,88.46,79.63,111.54,93.38,116.71,101.44,106.64
2012-08-20,88.46,79.63,111.59,93.44,116.81,101.65,106.59
2012-08-21,88.46,79.63,111.6,93.52,116.95,102.1,106.66
2012-08-22,88.46,79.67,112.01,94.24,118.16,103.78,107.53
2012-08-23,88.46,79.68,112.1,94.41,118.51,104.22,108.03
2012-08-24,88.46,79.68,112.04,94.36,118.48,104.12,108.01
2012-08-27,88.46,79.67,112.17,94.61,118.88,104.73,108.36
2012-08-28,88.46,79.68,112.18,94.64,119.08,104.98,108.64
2012-08-29,88.46,79.68,112.18,94.58,118.8,104.52,108.27
2012-08-30,88.46,79.69,112.33,94.76,119.24,105.06,108.19
2012-08-31,88.46,79.74,112.66,95.37,120.09,106.54,108.7
2012-09-04,88.46,79.73,112.49,95.15,119.95,106.44,108.55
2012-09-05,88.48,79.73,112.51,95.12,119.61,105.94,108.73
2012-09-06,88.48,79.7,112.21,94.47,118.6,104.17,108.14
2012-09-07,88.46,79.72,112.34,94.59,118.46,103.69,108.49
2012-09-10,88.46,79.7,112.36,94.64,118.57,103.94,108.77
2012-09-11,88.46,79.72,112.28,94.46,118.17,103.29,108.66
2012-09-12,88.46,79.71,112.13,94.0,117.4,102.0,108.13
2012-09-13,88.46,79.73,112.35,94.27,117.33,101.6,109.04
2012-09-14,88.46,79.7,111.96,93.38,115.61,98.9,109.41
2012-09-17,88.46,79.7,111.97,93.58,116.09,100.08,109.31
2012-09-18,88.46,79.71,112.1,93.81,116.49,100.59,109.16
2012-09-19,88.46,79.71,112.16,94.03,116.84,101.25,109.3
2012-09-20,88.46,79.69,112.17,94.08,116.97,101.5,108.93
2012-09-21,88.46,79.7,112.29,94.28,117.22,101.61,109.02
2012-09-24,88.46,79.71,112.35,94.5,117.62,102.41,108.95
2012-09-25,88.46,79.69,112.4,94.85,118.31,103.42,109.09
2012-09-26,88.46,79.71,112.61,95.24,119.18,104.53,109.34
2012-09-27,88.48,79.72,112.57,95.04,118.8,103.79,109.32
2012-09-28,88.46,79.75,112.63,95.04,118.88,103.85,109.25
2012-10-01,88.46,79.76,112.65,95.21,119.1,104.23,109.47
2012-10-02,88.48,79.74,112.67,95.15,119.07,104.09,109.92
2012-10-03,88.46,79.74,112.71,95.25,119.11,104.12,110.03
2012-10-04,88.46,79.74,112.57,94.87,118.4,102.82,110.2
2012-10-05,88.46,79.7,112.38,94.44,117.55,101.49,109.97
2012-10-08,88.46,79.71,112.54,94.75,118.05,102.35,110.23
2012-10-09,88.46,79.71,112.43,94.56,117.87,102.16,109.95
2012-10-10,88.48,79.7,112.48,94.78,118.36,102.88,109.84
2012-10-11,88.48,79.69,112.47,94.87,118.68,103.6,109.74
2012-10-12,88.46,79.72,112.5,94.88,118.81,103.85,109.65
2012-10-15,88.48,79.7,112.46,94.91,118.7,103.62,109.64
2012-10-16,88.46,79.7,112.3,94.46,117.9,102.19,109.17
2012-10-17,88.48,79.65,111.96,93.86,116.94,101.24,108.85
2012-10-18,88.46,79.66,111.87,93.7,116.64,100.62,108.84
2012-10-19,88.46,79.66,112.03,94.09,117.38,101.99,109.21
2012-10-22,88.46,79.63,111.85,93.78,116.94,101.33,109.03
2012-10-23,88.48,79.67,112.04,94.22,117.72,102.78,109.26
2012-10-24,88.48,79.66,112.02,94.02,117.31,101.77,109.09
2012-10-25,88.46,79.63,111.79,93.68,116.88,101.25,108.77
2012-10-26,88.46,79.65,112.06,94.28,117.85,102.74,109.31
2012-10-31,88.48,79.7,112.26,94.66,118.5,103.34,109.93
2012-11-01,88.48,79.68,112.17,94.47,118.0,102.5,109.81
2012-11-02,88.48,79.67,112.19,94.55,117.99,102.42,109.75
2012-11-05,88.46,79.67,112.32,94.78,118.39,103.0,109.89
2012-11-06,88.46,79.64,112.06,94.35,117.72,102.03,109.6
2012-11-07,88.48,79.71,112.45,95.14,118.98,103.88,110.23
2012-11-08,88.48,79.71,112.64,95.56,119.94,105.42,110.83
2012-11-09,88.48,79.71,112.63,95.57,120.08,105.54,110.42
2012-11-12,88.48,79.71,112.69,95.63,120.26,105.71,110.72
2012-11-13,88.48,79.72,112.73,95.75,120.35,106.07,110.59
2012-11-14,88.48,79.74,112.71,95.77,120.48,106.17,110.49
2012-11-15,88.48,79.74,112.74,95.73,120.48,105.96,110.4
2012-11-16,88.48,79.74,112.79,95.79,120.35,105.87,110.48
2012-11-19,88.48,79.73,112.69,95.6,120.01,105.27,110.27
2012-11-20,88.46,79.71,112.52,95.2,119.31,104.21,109.95
2012-11-21,88.46,79.7,112.44,95.06,119.12,104.16,109.69
2012-11-23,88.46,79.7,112.41,95.01,119.06,104.06,109.61
2012-11-26,88.46,79.69,112.5,95.17,119.37,104.55,109.92
2012-11-27,88.46,79.7,112.61,95.39,119.68,104.96,109.92
2012-11-28,88.46,79.71,112.69,95.51,119.82,104.81,110.18
2012-11-29,88.46,79.71,112.72,95.61,119.93,104.83,110.38
2012-11-30,88.46,79.72,112.8,95.59,119.87,104.54,110.55
2012-12-03,88.46,79.73,112.77,95.55,119.83,104.64,110.88
2012-12-04,88.46,79.73,112.8,95.72,120.11,105.24,110.91
2012-12-05,88.46,79.75,112.88,95.8,120.16,105.19,111.11
2012-12-06,88.46,79.75,112.89,95.85,120.26,105.42,111.34
2012-12-07,88.46,79.75,112.8,95.58,119.64,104.45,111.2
2012-12-10,88.46,79.75,112.84,95.67,119.82,104.91,111.34
2012-12-11,88.46,79.75,112.76,95.48,119.4,104.11,111.01
2012-12-12,88.46,79.74,112.63,95.08,118.64,102.9,110.67
2012-12-13,88.46,79.74,112.47,94.89,118.53,102.98,110.36
2012-12-14,88.46,79.76,112.53,95.1,118.91,103.75,110.48
2012-12-17,88.46,79.74,112.28,94.6,117.96,102.2,110.07
2012-12-18,88.48,79.69,112.08,94.23,117.25,101.15,109.75
2012-12-19,88.46,79.71,112.18,94.36,117.47,101.49,109.84
2012-12-20,88.46,79.7,112.16,94.43,117.52,101.51,109.89
2012-12-21,88.46,79.71,112.3,94.68,118.11,102.62,110.2
2012-12-24,88.46,79.71,112.26,94.58,118.06,102.43,110.07
2012-12-26,88.46,79.71,112.31,94.78,118.28,102.8,110.22
2012-12-27,88.46,79.74,112.44,94.97,118.55,103.14,110.34
2012-12-28,88.48,79.74,112.53,95.19,119.01,103.73,110.31
2012-12-31,88.46,79.74,112.34,94.69,117.84,101.94,109.64
2013-01-02,88.46,79.72,112.27,94.26,117.04,100.58,109.58
2013-01-03,88.46,79.72,112.01,93.77,116.25,99.22,108.83
2013-01-04,88.48,79.73,112.01,93.82,116.34,99.6,108.78
2013-01-07,88.44,79.73,112.05,93.87,116.35,99.64,109.15
2013-01-08,88.44,79.74,112.18,94.1,116.75,100.3,109.31
2013-01-09,88.44,79.77,112.26,94.15,116.78,100.21,109.5
2013-01-10,88.44,79.76,112.12,93.88,116.42,99.93,109.41
2013-01-11,88.44,79.75,112.27,94.18,116.89,100.82,109.5
2013-01-14,88.44,79.75,112.27,94.14,116.87,100.54,109.54
2013-01-15,88.44,79.76,112.35,94.37,117.18,101.01,109.61
2013-01-16,88.44,79.76,112.42,94.5,117.39,101.22,109.59
2013-01-17,88.46,79.75,112.2,94.06,116.72,100.21,109.4
2013-01-18,88.44,79.75,112.31,94.33,117.15,100.98,109.58
2013-01-22,88.44,79.77,112.38,94.41,117.3,101.18,109.56
2013-01-23,88.44,79.77,112.41,94.45,117.32,101.02,109.58
2013-01-24,88.46,79.77,112.31,94.29,117.1,100.67,109.51
2013-01-25,88.44,79.73,111.95,93.67,116.06,99.29,109.05
2013-01-28,88.44,79.7,111.86,93.47,115.73,98.93,108.91
2013-01-29,88.44,79.71,111.82,93.33,115.4,98.38,108.71
2013-01-30,88.44,79.74,111.9,93.39,115.36,98.21,108.75
2013-01-31,88.46,79.75,111.9,93.47,115.49,98.69,109.07
2013-02-01,88.44,79.74,111.8,93.15,114.78,97.41,108.54
2013-02-04,88.44,79.76,112.1,93.69,115.6,98.66,109.24
2013-02-05,88.46,79.76,111.95,93.35,115.14,97.78,108.93
2013-02-06,88.46,79.78,112.09,93.63,115.61,98.58,109.05
2013-02-07,88.46,79.78,112.13,93.68,115.56,98.37,108.95
2013-02-08,88.46,79.79,112.14,93.75,115.7,98.74,108.92
2013-02-11,88.46,79.76,112.08,93.65,115.65,98.67,108.84
2013-02-12,88.46,79.74,112.0,93.55,115.46,98.42,108.83
2013-02-13,88.44,79.73,111.82,93.23,114.85,97.62,108.52
2013-02-14,88.46,79.74,112.05,93.62,115.52,98.51,108.71
2013-02-15,88.44,79.75,111.98,93.54,115.48,98.22,108.41
2013-02-19,88.44,79.74,111.91,93.39,115.17,97.73,108.36
2013-02-20,88.46,79.74,112.02,93.59,115.38,98.03,108.38
2013-02-21,88.44,79.77,112.14,93.77,115.76,98.6,108.52
2013-02-22,88.46,79.77,112.19,93.89,115.89,98.67,108.75
2013-02-25,88.44,79.79,112.55,94.61,117.23,100.61,109.3
2013-02-26,88.44,79.8,112.51,94.44,116.92,100.03,109.03
2013-02-27,88.46,79.8,112.52,94.39,116.75,99.73,109.03
2013-02-28,88.46,79.8,112.58,94.52,116.85,99.92,109.28
2013-03-01,88.46,79.81,112.67,94.76,117.3,100.46,109.74
2013-03-04,88.44,79.8,112.62,94.54,116.95,99.93,109.4
2013-03-05,88.46,79.79,112.54,94.44,116.73,99.64,109.37
2013-03-06,88.44,79.78,112.38,94.14,116.08,98.74,109.13
2013-03-07,88.46,79.77,112.16,93.78,115.54,97.98,108.72
2013-03-08,88.44,79.77,111.95,93.3,114.8,96.95,108.37
2013-03-11,88.46,79.77,111.97,93.35,114.79,97.05,108.31
2013-03-12,88.44,79.78,112.09,93.6,115.2,97.75,108.51
2013-03-13,88.46,79.77,112.05,93.52,115.13,97.65,108.54
2013-03-14,88.46,79.77,112.08,93.55,115.04,97.35,108.73
2013-03-15,88.46,79.79,112.29,93.88,115.56,97.81,108.87
2013-03-18,88.44,79.81,112.43,94.19,116.17,98.55,109.11
2013-03-19,88.44,79.8,112.55,94.48,116.66,99.22,109.22
2013-03-20,88.44,79.79,112.42,94.12,116.08,98.11,108.91
2013-03-21,88.44,79.8,112.49,94.36,116.48,99.06,108.96
2013-03-22,88.46,79.78,112.49,94.4,116.58,99.13,109.15
2013-03-25,88.44,79.78,112.52,94.47,116.58,99.04,109.16
2013-03-26,88.46,79.79,112.6,94.57,116.73,99.16,109.22
2013-03-27,88.44,79.81,112.78,94.97,117.4,100.0,109.56
2013-03-28,88.46,79.82,112.7,94.8,117.29,99.5,109.51
2013-04-01,88.44,79.83,112.78,95.05,117.59,100.25,109.56
2013-04-02,88.46,79.83,112.72,94.86,117.37,99.84,109.5
2013-04-03,88.44,79.82,112.95,95.26,118.01,100.74,109.78
2013-04-04,88.44,79.85,113.11,95.64,118.64,101.94,110.3
2013-04-05,88.46,79.85,113.15,95.94,119.76,104.0,110.76
2013-04-08,88.46,79.83,113.03,95.63,119.24,103.2,110.27
2013-04-09,88.46,79.83,113.1,95.67,119.11,102.95,110.17
2013-04-10,88.46,79.83,112.89,95.27,118.3,101.53,109.56
2013-04-11,88.44,79.83,112.95,95.37,118.49,101.73,109.87
2013-04-12,88.46,79.84,113.14,95.9,119.49,103.24,110.32
2013-04-15,88.46,79.85,113.22,96.12,119.98,104.14,110.3
2013-04-16,88.46,79.85,113.11,95.84,119.49,103.29,110.11
2013-04-17,88.46,79.85,113.16,96.02,119.92,103.97,110.09
2013-04-18,88.44,79.85,113.14,96.07,120.12,104.23,109.32
2013-04-19,88.46,79.85,113.1,96.02,119.95,104.01,109.75
2013-04-22,88.46,79.86,113.17,96.07,119.98,104.08,110.04
2013-04-23,88.46,79.85,113.14,96.01,119.83,103.72,110.09
2013-04-24,88.46,79.86,113.16,96.06,120.01,103.98,110.25
2013-04-25,88.44,79.85,113.14,95.95,119.78,103.53,110.34
2013-04-26,88.44,79.87,113.29,96.29,120.46,104.48,110.74
2013-04-29,88.44,79.89,113.34,96.26,120.23,104.1,110.44
2013-04-30,88.44,79.88,113.34,96.24,120.19,104.16,110.38
2013-05-01,88.44,79.89,113.46,96.56,120.87,105.23,110.35
2013-05-02,88.46,79.88,113.49,96.56,120.85,105.09,110.24
2013-05-03,88.44,79.85,113.08,95.73,119.15,102.62,109.49
2013-05-06,88.44,79.85,113.05,95.61,118.88,102.36,109.32
2013-05-07,88.44,79.85,113.01,95.48,118.64,101.96,109.31
2013-05-08,88.46,79.86,113.04,95.59,118.81,102.12,109.08
2013-05-09,88.46,79.85,113.02,95.57,118.81,101.86,109.03
2013-05-10,88.44,79.85,112.74,95.03,117.82,100.77,108.72
2013-05-13,88.46,79.83,112.66,94.86,117.44,99.99,108.4
2013-05-14,88.44,79.83,112.52,94.48,116.75,98.91,107.94
2013-05-15,88.44,79.84,112.63,94.73,117.12,99.57,107.97
2013-05-16,88.44,79.85,112.85,95.18,117.89,100.6,108.28
2013-05-17,88.46,79.84,112.64,94.67,117.06,99.33,107.74
2013-05-20,88.44,79.85,112.62,94.6,116.83,99.21,107.71
2013-05-21,88.46,79.85,112.72,94.85,117.35,99.99,107.94
2013-05-22,88.46,79.82,112.34,94.09,116.05,98.51,106.97
2013-05-23,88.46,79.84,112.38,94.19,116.37,98.97,106.99
2013-05-24,88.46,79.82,112.38,94.23,116.54,99.11,107.08
2013-05-28,88.44,79.76,111.8,93.12,114.6,96.6,106.11
2013-05-29,88.46,79.76,111.93,93.5,115.23,97.69,106.04
2013-05-30,88.44,79.78,111.93,93.51,115.34,97.45,105.65
2013-05-31,88.46,79.77,111.81,93.25,114.97,97.12,105.75
2013-06-03,88.46,79.8,111.85,93.39,115.14,97.63,105.66
2013-06-04,88.46,79.8,111.73,93.15,114.75,96.73,105.46
2013-06-05,88.46,79.8,111.89,93.6,115.5,98.06,105.58
2013-06-06,88.44,79.8,111.93,93.72,115.59,98.01,105.46
2013-06-07,88.46,79.79,111.58,92.99,114.5,96.25,104.85
2013-06-10,88.44,79.76,111.44,92.76,114.08,95.79,104.12
2013-06-11,88.46,79.75,111.53,92.99,114.62,96.93,104.07
2013-06-12,88.44,79.74,111.32,92.57,113.75,95.55,103.27
2013-06-13,88.46,79.78,111.7,93.27,114.96,97.04,104.06
2013-06-14,88.44,79.83,111.85,93.4,115.12,96.81,103.97
2013-06-17,88.44,79.83,111.82,93.17,114.44,96.3,103.63
2013-06-18,88.44,79.83,111.76,93.12,114.51,96.36,103.91
2013-06-19,88.44,79.74,110.85,91.84,113.19,95.36,102.53
2013-06-20,88.44,79.73,110.69,91.43,112.11,93.79,101.5
2013-06-21,88.46,79.66,110.05,90.46,110.75,92.2,100.31
2013-06-24,88.46,79.63,109.88,90.24,110.61,92.59,99.92
2013-06-25,88.46,79.62,109.87,90.13,110.27,91.76,100.1
2013-06-26,88.46,79.65,110.09,90.5,110.88,92.36,100.55
2013-06-27,88.44,79.7,110.41,90.98,111.61,93.3,101.39
2013-06-28,88.44,79.69,110.36,90.88,111.56,93.94,101.73
2013-07-01,88.46,79.73,110.45,90.91,111.65,94.13,101.88
2013-07-02,88.44,79.74,110.47,90.95,111.65,94.07,102.2
2013-07-03,88.46,79.73,110.33,90.77,111.51,93.79,102.01
2013-07-05,88.46,79.64,109.45,89.24,109.01,90.59,100.62
2013-07-08,88.42,79.7,109.88,89.77,109.84,91.47,101.26
2013-07-09,88.42,79.69,109.96,89.92,109.95,91.56,101.21
2013-07-10,88.42,79.69,109.81,89.6,109.38,90.85,100.87
2013-07-11,88.42,79.75,110.41,90.5,110.49,91.91,101.57
2013-07-12,88.42,79.71,110.33,90.42,110.54,91.84,101.6
2013-07-15,88.42,79.75,110.5,90.71,110.87,92.32,102.09
2013-07-16,88.42,79.75,110.52,90.75,111.05,92.64,102.5
2013-07-17,88.42,79.78,110.82,91.15,111.34,92.81,102.79
2013-07-18,88.44,79.77,110.64,90.73,110.69,91.65,102.41
2013-07-19,88.44,79.81,110.86,91.22,111.56,93.1,103.15
2013-07-22,88.44,79.81,110.89,91.21,111.5,93.23,103.11
2013-07-23,88.44,79.8,110.83,91.11,111.28,92.84,102.88
2013-07-24,88.46,79.76,110.52,90.5,110.46,91.67,102.04
2013-07-25,88.42,79.81,110.64,90.63,110.6,91.63,102.09
2013-07-26,88.42,79.82,110.7,90.71,110.89,92.19,102.12
2013-07-29,88.44,79.81,110.66,90.52,110.43,91.52,102.05
2013-07-30,88.42,79.82,110.62,90.5,110.32,91.49,102.0
2013-07-31,88.44,79.82,110.63,90.56,110.52,91.82,102.65
2013-08-01,88.42,79.79,110.15,89.76,109.12,90.05,101.93
2013-08-02,88.44,79.85,110.74,90.52,110.15,91.04,102.45
2013-08-05,88.44,79.84,110.61,90.24,109.75,90.34,102.46
2013-08-06,88.44,79.83,110.59,90.27,109.79,90.6,102.7
2013-08-07,88.42,79.85,110.7,90.59,110.38,91.28,102.95
2013-08-08,88.42,79.85,110.75,90.73,110.58,91.53,103.06
2013-08-09,88.44,79.83,110.81,90.79,110.76,91.67,103.16
2013-08-12,88.44,79.83,110.73,90.61,110.42,91.05,102.89
2013-08-13,88.44,79.79,110.27,89.79,109.34,89.73,101.99
2013-08-14,88.44,79.79,110.29,89.87,109.37,89.87,101.77
2013-08-15,88.44,79.76,110.06,89.38,108.68,88.66,101.04
2013-08-16,88.44,79.77,109.86,89.03,108.28,88.35,100.57
2013-08-19,88.42,79.75,109.7,88.65,107.72,87.58,99.96
2013-08-20,88.44,79.77,109.96,89.13,108.37,88.25,100.58
2013-08-21,88.44,79.72,109.57,88.57,107.7,87.29,99.87
2013-08-22,88.42,79.7,109.38,88.53,107.88,88.18,99.92
2013-08-23,88.44,79.7,109.61,89.03,108.67,89.13,100.62
2013-08-26,88.42,79.72,109.8,89.21,108.96,89.58,100.97
2013-08-27,88.42,79.76,110.06,89.71,109.74,90.71,101.59
2013-08-28,88.42,79.71,109.84,89.35,109.21,89.97,101.22
2013-08-29,88.44,79.73,109.9,89.44,109.57,90.69,101.08
2013-08-30,88.44,79.74,109.78,89.27,109.45,90.59,100.77
2013-09-03,88.44,79.71,109.55,88.76,108.42,89.31,100.25
2013-09-04,88.44,79.64,109.26,88.47,108.16,89.11,99.74
2013-09-05,88.44,79.56,108.77,87.79,107.2,87.87,99.02
2013-09-06,88.44,79.64,109.19,88.33,107.72,88.31,99.43
2013-09-09,88.4,79.66,109.39,88.5,107.87,88.35,99.61
2013-09-10,88.42,79.63,109.14,88.1,107.33,87.73,99.45
2013-09-11,88.42,79.67,109.45,88.54,107.94,88.51,100.01
2013-09-12,88.42,79.67,109.43,88.55,108.03,88.39,100.06
2013-09-13,88.44,79.67,109.51,88.67,108.36,88.74,100.05
2013-09-16,88.42,79.72,109.8,88.86,108.24,88.14,100.32
2013-09-17,88.42,79.75,109.92,89.04,108.61,88.87,100.71
2013-09-18,88.44,79.85,110.7,90.14,110.13,89.97,102.05
2013-09-19,88.44,79.83,110.51,89.83,109.42,89.44,101.72
2013-09-20,88.42,79.84,110.5,89.92,109.63,89.91,102.01
2013-09-23,88.42,79.85,110.68,90.26,110.04,90.57,102.36
2013-09-24,88.42,79.86,110.82,90.59,110.75,91.55,102.38
2013-09-25,88.42,79.89,110.99,90.84,111.15,91.74,102.47
2013-09-26,88.42,79.85,110.89,90.64,110.71,91.09,102.33
2013-09-27,88.42,79.9,111.03,90.77,111.0,91.32,102.35
2013-09-30,88.42,79.92,111.11,90.92,111.02,91.18,102.54
2013-10-01,88.44,79.9,110.93,90.72,110.79,90.9,102.41
2013-10-02,88.44,79.91,111.1,90.87,111.05,91.04,102.58
2013-10-03,88.44,79.91,111.19,90.99,111.03,90.89,102.65
2013-10-04,88.44,79.88,111.0,90.74,110.71,90.82,102.43
2013-10-07,88.44,79.88,111.04,90.82,110.95,91.19,102.54
2013-10-08,88.44,79.82,110.9,90.78,110.95,91.22,102.27
2013-10-09,88.42,79.84,110.88,90.62,110.66,90.49,102.28
2013-10-10,88.4,79.84,110.87,90.42,110.38,90.64,102.2
2013-10-11,88.39,79.84,110.97,90.55,110.5,90.61,102.18
2013-10-14,88.39,79.82,110.75,90.25,109.87,89.88,101.73
2013-10-15,88.39,79.84,110.85,90.27,109.93,89.82,101.93
2013-10-16,88.4,79.87,111.12,90.71,110.68,90.94,102.14
2013-10-17,88.4,79.9,111.38,91.22,111.44,91.77,102.54
2013-10-18,88.42,79.9,111.4,91.23,111.66,91.97,102.69
2013-10-21,88.42,79.9,111.34,91.17,111.31,91.67,102.61
2013-10-22,88.42,79.97,111.65,91.8,112.18,92.7,103.12
2013-10-23,88.42,79.94,111.7,91.96,112.58,93.06,103.08
2013-10-24,88.4,79.93,111.63,91.78,112.31,92.7,103.12
2013-10-25,88.42,79.95,111.73,91.94,112.47,93.04,103.34
2013-10-28,88.42,79.97,111.7,91.85,112.34,92.72,103.3
2013-10-29,88.4,79.97,111.78,91.97,112.5,92.84,103.23
2013-10-30,88.4,79.97,111.66,91.73,112.19,92.28,103.1
2013-10-31,88.4,79.98,111.66,91.62,112.15,92.48,102.9
2013-11-01,88.4,79.95,111.37,91.12,111.4,91.48,102.2
2013-11-04,88.4,79.97,111.5,91.3,111.45,91.57,102.26
2013-11-05,88.4,79.97,111.35,90.88,110.67,90.47,101.86
2013-11-06,88.42,79.98,111.58,91.16,110.92,90.52,102.44
2013-11-07,88.4,80.0,111.69,91.4,111.4,91.28,102.58
2013-11-08,88.4,79.95,111.17,90.38,109.72,89.09,101.7
2013-11-11,88.42,79.97,111.14,90.33,109.58,88.75,101.51
2013-11-12,88.42,79.95,111.04,90.25,109.67,89.16,101.56
2013-11-13,88.42,79.95,111.31,90.63,109.98,89.49,101.74
2013-11-14,88.4,79.99,111.63,91.06,110.58,90.04,102.29
2013-11-15,88.4,79.99,111.6,90.99,110.63,90.22,102.34
2013-11-18,88.4,80.03,111.76,91.31,111.08,90.77,102.61
2013-11-19,88.4,80.0,111.58,90.97,110.51,90.08,102.21
2013-11-20,88.4,80.01,111.47,90.47,109.46,88.54,101.58
2013-11-21,88.42,80.05,111.51,90.55,109.45,88.69,101.75
2013-11-22,88.4,80.03,111.59,90.81,109.98,89.52,102.04
2013-11-25,88.4,80.03,111.66,90.88,110.16,89.78,102.1
2013-11-26,88.4,80.04,111.75,91.08,110.43,90.11,102.09
2013-11-27,88.42,80.04,111.68,90.88,110.19,89.96,101.89
2013-11-29,88.39,80.05,111.68,90.82,110.11,89.98,101.81
2013-12-02,88.4,80.0,111.43,90.43,109.54,89.28,101.36
2013-12-03,88.42,80.02,111.53,90.59,109.75,89.61,101.42
2013-12-04,88.42,80.0,111.33,90.18,109.1,88.76,100.85
2013-12-05,88.42,80.01,111.18,89.96,108.95,88.5,100.73
2013-12-06,88.42,79.98,111.13,90.04,109.04,88.93,100.72
2013-12-09,88.42,79.98,111.15,90.15,109.23,89.14,100.81
2013-12-10,88.4,80.01,111.34,90.52,109.78,89.77,101.07
2013-12-11,88.42,79.98,111.18,90.17,109.25,89.08,100.91
2013-12-12,88.42,79.96,110.97,89.91,108.95,88.75,100.62
2013-12-13,88.42,79.97,110.95,90.05,109.28,89.18,100.92
2013-12-16,88.4,79.97,111.0,90.0,109.17,88.85,100.99
2013-12-17,88.4,79.99,111.17,90.29,109.54,89.25,101.29
2013-12-18,88.42,79.99,110.99,89.95,109.05,88.8,100.84
2013-12-19,88.42,79.95,110.68,89.57,108.85,88.71,100.47
2013-12-20,88.4,79.92,110.57,89.85,109.71,90.08,100.81
2013-12-23,88.4,79.91,110.46,89.56,109.06,89.57,100.63
2013-12-24,88.4,79.88,110.24,89.22,108.56,88.85,100.29
2013-12-26,88.4,79.87,110.25,89.14,108.41,88.51,100.25
2013-12-27,88.42,79.91,110.24,89.08,108.18,88.26,100.19
2013-12-30,88.42,79.93,110.4,89.33,108.69,88.86,100.48
2013-12-31,88.39,79.91,110.27,88.92,108.09,88.3,100.33
2014-01-02,88.39,79.95,110.38,89.27,108.5,88.57,100.66
2014-01-03,88.4,79.92,110.3,89.22,108.38,88.57,100.61
2014-01-06,88.39,79.93,110.47,89.47,108.75,88.94,100.95
2014-01-07,88.4,79.93,110.57,89.61,109.07,89.17,100.97
2014-01-08,88.4,79.85,110.15,89.17,108.56,88.92,100.91
2014-01-09,88.39,79.87,110.29,89.41,109.09,89.44,101.29
2014-01-10,88.4,79.95,110.84,90.16,110.02,90.51,101.83
2014-01-13,88.4,79.97,111.03,90.42,110.35,90.96,101.87
2014-01-14,88.4,79.95,110.74,90.08,109.99,90.55,101.53
2014-01-15,88.4,79.92,110.64,90.0,109.9,90.45,101.44
2014-01-16,88.4,79.94,110.79,90.25,110.35,91.06,101.52
2014-01-17,88.39,79.94,110.9,90.46,110.69,91.44,101.71
2014-01-21,88.4,79.93,110.77,90.37,110.63,91.51,101.52
2014-01-22,88.4,79.89,110.58,90.11,110.43,91.28,101.34
2014-01-23,88.4,79.97,111.02,90.72,111.21,92.57,101.78
2014-01-24,88.39,79.99,111.24,91.09,111.8,93.17,102.07
2014-01-27,88.39,79.98,111.11,90.81,111.35,92.52,101.72
2014-01-28,88.39,79.98,111.25,90.95,111.49,92.75,101.92
2014-01-29,88.4,80.04,111.48,91.38,112.24,93.51,102.3
2014-01-30,88.4,80.03,111.44,91.29,112.02,93.24,102.24
2014-01-31,88.39,80.07,111.69,91.65,112.51,93.87,102.44
2014-02-03,88.39,80.09,112.02,92.15,113.4,95.01,103.04
2014-02-04,88.4,80.1,111.89,91.87,112.8,94.0,102.59
2014-02-05,88.39,80.06,111.7,91.53,112.24,93.13,102.15
2014-02-06,88.39,80.07,111.59,91.36,111.95,92.73,102.17
2014-02-07,88.4,80.09,111.82,91.61,112.1,92.81,102.46
2014-02-10,88.39,80.07,111.79,91.65,112.16,93.07,102.55
2014-02-11,88.39,80.05,111.54,91.25,111.75,92.53,102.22
2014-02-12,88.4,80.02,111.38,91.03,111.34,92.05,101.96
2014-02-13,88.4,80.06,111.67,91.46,111.95,92.58,102.31
2014-02-14,88.4,80.06,111.64,91.4,111.8,92.63,102.1
2014-02-18,88.39,80.09,111.83,91.62,112.08,92.84,102.29
2014-02-19,88.4,80.06,111.7,91.45,111.9,92.45,102.09
2014-02-20,88.4,80.07,111.57,91.35,111.65,92.22,101.78
2014-02-21,88.39,80.08,111.6,91.46,111.99,92.71,101.96
2014-02-24,88.4,80.08,111.56,91.37,111.86,92.47,101.96
2014-02-25,88.4,80.07,111.74,91.69,112.43,93.3,102.36
2014-02-26,88.4,80.11,111.9,91.96,112.86,93.79,102.59
2014-02-27,88.39,80.1,111.94,92.06,113.16,94.31,102.74
2014-02-28,88.4,80.1,111.85,91.97,113.11,94.36,102.89
2014-03-03,88.4,80.15,112.13,92.43,113.73,94.99,103.36
2014-03-04,88.39,80.08,111.72,91.72,112.6,93.56,102.7
2014-03-05,88.4,80.11,111.76,91.82,112.76,93.76,102.84
2014-03-06,88.4,80.06,111.57,91.42,112.17,92.84,102.59
2014-03-07,88.39,80.0,111.27,91.03,111.59,92.25,102.37
2014-03-10,88.39,80.01,111.32,91.13,111.77,92.38,102.41
2014-03-11,88.39,80.01,111.38,91.22,111.9,92.63,102.38
2014-03-12,88.39,80.04,111.54,91.58,112.45,93.27,102.6
2014-03-13,88.39,80.09,111.85,92.12,113.39,94.53,103.02
2014-03-14,88.39,80.07,111.86,92.12,113.46,94.54,103.01
2014-03-17,88.39,80.04,111.63,91.76,112.94,93.84,102.77
2014-03-18,88.39,80.06,111.8,91.98,113.17,94.18,102.97
2014-03-19,88.4,79.93,111.06,91.13,112.33,93.45,102.02
2014-03-20,88.39,79.94,111.02,91.14,112.25,93.28,101.7
2014-03-21,88.4,79.95,111.01,91.31,112.85,94.29,102.08
2014-03-24,88.4,79.91,110.91,91.35,113.14,94.96,102.21
2014-03-25,88.4,79.92,110.9,91.3,112.94,94.6,102.18
2014-03-26,88.39,79.98,111.22,91.68,113.49,95.34,102.54
2014-03-27,88.39,79.97,111.18,91.77,113.83,95.82,102.58
2014-03-28,88.39,79.97,110.98,91.45,113.33,95.28,102.32
2014-03-31,88.39,80.01,111.09,91.46,113.15,95.05,102.34
2014-04-01,88.39,79.97,111.04,91.27,112.71,94.24,101.98
2014-04-02,88.39,79.94,110.74,90.87,112.23,93.69,101.75
2014-04-03,88.4,79.96,110.75,90.94,112.42,94.1,101.87
2014-04-04,88.39,80.02,111.18,91.49,112.99,94.73,102.34
2014-04-07,88.39,80.03,111.3,91.71,113.45,95.3,102.49
2014-04-08,88.39,80.04,111.4,91.84,113.6,95.53,102.55
2014-04-09,88.39,80.08,111.59,91.81,113.35,95.06,102.62
2014-04-10,88.39,80.13,111.79,92.2,114.0,95.94,102.98
2014-04-11,88.39,80.12,111.88,92.39,114.37,96.72,103.24
2014-04-14,88.39,80.11,111.75,92.24,114.2,96.46,103.04
2014-04-15,88.39,80.11,111.74,92.35,114.48,97.07,103.3
2014-04-16,88.39,80.08,111.55,92.21,114.38,97.19,103.36
2014-04-17,88.4,80.06,111.16,91.68,113.79,96.12,103.23
2014-04-21,88.39,80.06,111.27,91.67,113.62,96.04,103.23
2014-04-22,88.37,80.02,111.16,91.63,113.76,96.37,103.23
2014-04-23,88.39,80.06,111.31,91.86,114.14,96.92,103.55
2014-04-24,88.39,80.04,111.28,91.84,114.2,97.1,103.62
2014-04-25,88.39,80.05,111.39,91.96,114.39,97.24,103.66
2014-04-28,88.39,80.05,111.3,91.83,114.04,96.77,103.35
2014-04-29,88.39,80.04,111.37,91.91,114.09,96.64,103.29
2014-04-30,88.39,80.1,111.63,92.15,114.43,97.04,103.69
2014-05-01,88.37,80.1,111.75,92.42,114.98,98.08,104.06
2014-05-02,88.39,80.09,111.7,92.55,115.34,98.68,104.34
2014-05-05,88.39,80.1,111.67,92.5,115.07,98.09,104.12
2014-05-06,88.37,80.07,111.69,92.61,115.38,98.48,104.08
2014-05-07,88.37,80.1,111.82,92.68,115.25,98.13,104.15
2014-05-08,88.37,80.12,111.98,92.78,115.34,97.71,104.29
2014-05-09,88.39,80.15,111.99,92.71,115.18,97.4,104.23
2014-05-12,88.37,80.13,111.84,92.46,114.85,97.0,103.94
2014-05-13,88.39,80.16,112.03,92.82,115.35,97.84,104.21
2014-05-14,88.39,80.19,112.29,93.25,116.09,98.9,104.8
2014-05-15,88.39,80.2,112.46,93.58,116.58,99.69,105.29
2014-05-16,88.39,80.21,112.36,93.38,116.36,99.41,105.18
2014-05-19,88.39,80.22,112.38,93.27,115.99,98.68,104.87
2014-05-20,88.39,80.23,112.57,93.54,116.35,98.89,105.07
2014-05-21,88.37,80.23,112.49,93.39,115.94,98.29,105.01
2014-05-22,88.37,80.21,112.37,93.29,115.87,98.15,105.17
2014-05-23,88.39,80.2,112.47,93.48,116.25,98.68,105.42
2014-05-27,88.37,80.21,112.53,93.51,116.44,99.25,105.48
2014-05-28,88.39,80.23,112.79,94.02,117.39,100.48,106.06
2014-05-29,88.37,80.22,112.7,93.91,117.02,99.95,106.01
2014-05-30,88.39,80.24,112.6,93.83,116.92,99.9,105.77
2014-06-02,88.37,80.19,112.33,93.41,116.33,99.16,105.34
2014-06-03,88.37,80.17,112.09,92.93,115.62,97.94,104.72
2014-06-04,88.37,80.2,112.1,92.86,115.33,97.91,104.44
2014-06-05,88.37,80.21,112.18,93.0,115.55,97.96,104.71
2014-06-06,88.37,80.19,112.08,92.93,115.53,97.96,104.71
2014-06-09,88.39,80.13,111.93,92.79,115.37,97.82,104.7
2014-06-10,88.39,80.11,111.81,92.63,115.07,97.46,104.53
2014-06-11,88.37,80.14,111.9,92.75,115.2,97.63,104.63
2014-06-12,88.39,80.17,112.13,93.12,115.72,98.5,104.94
2014-06-13,88.37,80.12,111.96,92.93,115.72,98.45,104.77
2014-06-16,88.39,80.1,111.92,92.93,115.78,98.69,104.87
2014-06-17,88.37,80.04,111.63,92.55,115.11,97.91,104.72
2014-06-18,88.39,80.1,111.96,93.03,115.68,98.67,105.24
2014-06-19,88.39,80.09,111.95,92.8,115.19,97.4,105.09
2014-06-20,88.39,80.09,111.92,92.91,115.44,98.14,105.48
2014-06-23,88.39,80.09,111.89,92.84,115.32,97.83,105.38
2014-06-24,88.39,80.12,112.04,93.22,115.99,98.83,105.86
2014-06-25,88.37,80.13,112.17,93.31,116.15,99.08,105.91
2014-06-26,88.37,80.15,112.31,93.56,116.61,99.55,106.11
2014-06-27,88.39,80.17,112.37,93.56,116.46,99.4,106.15
2014-06-30,88.37,80.18,112.43,93.63,116.59,99.65,106.16
2014-07-01,88.39,80.15,112.26,93.32,116.08,98.82,105.74
2014-07-02,88.39,80.12,112.01,92.94,115.37,97.76,105.24
2014-07-03,88.37,80.11,111.86,92.75,115.08,97.41,105.32
2014-07-07,88.39,80.09,111.91,92.98,115.63,98.12,105.52
2014-07-08,88.39,80.11,112.08,93.41,116.32,99.22,105.86
2014-07-09,88.37,80.12,112.15,93.42,116.31,99.3,106.12
2014-07-10,88.37,80.16,112.3,93.62,116.51,99.33,106.25
2014-07-11,88.37,80.17,112.4,93.78,116.84,99.96,106.41
2014-07-14,88.37,80.17,112.25,93.57,116.53,99.53,106.2
2014-07-15,88.37,80.13,112.15,93.49,116.44,99.33,105.97
2014-07-16,88.37,80.12,112.13,93.62,116.72,99.85,105.94
2014-07-17,88.37,80.18,112.44,94.17,117.58,101.11,106.6
2014-07-18,88.35,80.12,112.26,93.98,117.3,100.79,106.4
2014-07-21,88.37,80.13,112.23,94.0,117.55,101.29,106.59
2014-07-22,88.35,80.13,112.36,94.12,117.7,101.5,106.5
2014-07-23,88.37,80.16,112.39,94.11,117.63,101.37,106.49
2014-07-24,88.37,80.13,112.09,93.73,117.14,100.61,106.3
2014-07-25,88.37,80.14,112.25,94.09,117.75,101.8,106.76
2014-07-28,88.37,80.1,112.18,93.99,117.56,101.66,106.64
2014-07-29,88.37,80.12,112.22,94.11,117.85,102.03,106.8
2014-07-30,88.37,80.08,111.87,93.45,116.81,100.61,106.1
2014-07-31,88.35,80.12,111.91,93.42,116.66,100.31,106.06
2014-08-01,88.37,80.22,112.38,93.97,117.39,101.09,106.46
2014-08-04,88.37,80.22,112.48,94.03,117.41,100.82,106.3
2014-08-05,88.35,80.22,112.46,94.07,117.55,101.15,106.42
2014-08-06,88.35,80.24,112.51,94.16,117.69,101.21,106.43
2014-08-07,88.37,80.28,112.73,94.58,118.32,102.16,106.9
2014-08-08,88.35,80.23,112.66,94.5,118.28,101.94,106.8
2014-08-11,88.35,80.23,112.68,94.46,118.31,101.93,106.81
2014-08-12,88.35,80.23,112.65,94.32,117.93,101.27,106.49
2014-08-13,88.37,80.27,112.86,94.63,118.41,101.93,106.79
2014-08-14,88.35,80.29,112.92,94.82,118.81,102.75,106.91
2014-08-15,88.37,80.29,113.04,95.2,119.52,103.87,107.17
2014-08-18,88.35,80.29,112.92,94.9,118.9,102.84,106.75
2014-08-19,88.37,80.29,112.9,94.8,118.74,102.52,106.55
2014-08-20,88.35,80.21,112.64,94.52,118.44,102.35,106.24
2014-08-21,88.37,80.21,112.7,94.72,118.81,102.92,106.44
2014-08-22,88.37,80.19,112.61,94.73,119.02,103.5,106.4
2014-08-25,88.37,80.16,112.55,94.8,119.17,103.89,106.53
2014-08-26,88.37,80.19,112.64,94.78,119.06,103.55,106.44
2014-08-27,88.35,80.21,112.74,95.05,119.56,104.43,106.64
2014-08-28,88.37,80.23,112.85,95.17,119.83,104.98,106.8
2014-08-29,88.37,80.27,112.92,95.18,119.77,105.05,106.7
2014-09-02,88.35,80.2,112.56,94.57,118.78,103.24,106.13
2014-09-03,88.37,80.22,112.64,94.71,119.08,103.81,106.33
2014-09-04,88.35,80.21,112.49,94.37,118.43,102.55,105.93
2014-09-05,88.37,80.24,112.58,94.4,118.31,102.35,105.82
2014-09-08,88.35,80.19,112.43,94.3,118.2,102.4,105.56
2014-09-09,88.35,80.14,112.25,94.08,118.09,102.32,105.25
2014-09-10,88.37,80.15,112.15,93.85,117.63,101.67,104.85
2014-09-11,88.35,80.16,112.12,93.73,117.39,101.34,104.9
2014-09-12,88.35,80.14,111.98,93.37,116.67,100.28,104.48
2014-09-15,88.35,80.18,112.1,93.55,116.91,100.43,104.6
2014-09-16,88.35,80.23,112.17,93.52,116.75,100.02,104.57
2014-09-17,88.35,80.14,111.93,93.28,116.45,99.76,103.87
2014-09-18,88.37,80.15,111.85,93.22,116.54,100.08,103.6
2014-09-19,88.37,80.14,111.99,93.57,117.21,101.36,103.91
2014-09-22,88.37,80.2,112.19,93.77,117.42,101.48,103.83
2014-09-23,88.37,80.22,112.27,93.97,117.8,102.11,104.22
2014-09-24,88.37,80.19,112.13,93.71,117.42,101.54,104.13
2014-09-25,88.37,80.25,112.41,94.16,118.1,102.74,104.51
2014-09-26,88.37,80.21,112.22,93.96,117.95,102.59,103.97
2014-09-29,88.35,80.23,112.38,94.26,118.4,103.42,104.04
2014-09-30,88.37,80.21,112.34,94.18,118.21,102.83,103.93
2014-10-01,88.37,80.29,112.85,94.97,119.57,104.83,104.68
2014-10-02,88.37,80.28,112.72,94.69,119.01,103.91,104.42
2014-10-03,88.33,80.21,112.61,94.66,119.12,104.36,104.25
2014-10-06,88.33,80.28,112.77,94.82,119.28,104.42,104.34
2014-10-07,88.35,80.33,113.12,95.37,120.13,105.83,104.78
2014-10-08,88.35,80.42,113.52,95.71,120.09,105.85,105.35
2014-10-09,88.35,80.42,113.38,95.55,120.18,105.39,105.24
2014-10-10,88.35,80.46,113.53,95.92,120.77,106.44,105.53
2014-10-13,88.35,80.48,113.99,96.42,121.57,107.09,106.02
2014-10-14,88.33,80.53,114.06,96.61,121.79,107.79,105.77
2014-10-15,88.33,80.64,114.57,97.16,122.4,108.64,105.89
2014-10-16,88.35,80.59,114.38,96.89,122.11,107.95,105.76
2014-10-17,88.35,80.54,114.14,96.61,121.81,107.34,105.72
2014-10-20,88.35,80.59,114.27,96.75,121.93,107.73,105.76
2014-10-21,88.33,80.57,114.15,96.49,121.48,106.87,105.55
2014-10-22,88.35,80.55,114.13,96.46,121.51,106.99,105.5
2014-10-23,88.33,80.51,113.86,96.06,120.86,106.04,105.12
2014-10-24,88.33,80.53,113.87,96.14,120.93,106.15,105.06
2014-10-27,88.33,80.53,113.95,96.24,121.09,106.34,105.01
2014-10-28,88.33,80.51,113.81,96.0,120.71,105.68,104.96
2014-10-29,88.35,80.41,113.42,95.68,120.54,105.92,104.82
2014-10-30,88.33,80.44,113.52,95.78,120.63,106.01,104.79
2014-10-31,88.35,80.42,113.42,95.63,120.34,105.73,104.87
2014-11-03,88.33,80.41,113.33,95.59,120.29,105.73,104.87
2014-11-04,88.35,80.4,113.33,95.58,120.41,106.06,104.83
2014-11-05,88.33,80.38,113.34,95.61,120.42,105.91,104.93
2014-11-06,88.35,80.36,113.19,95.32,119.98,105.22,104.76
2014-11-07,88.33,80.42,113.59,95.93,120.79,106.43,105.37
2014-11-10,88.35,80.36,113.34,95.54,120.22,105.45,105.0
2014-11-11,88.35,80.35,113.33,95.55,120.26,105.53,104.98
2014-11-12,88.35,80.38,113.36,95.51,120.26,105.44,104.83
2014-11-13,88.33,80.4,113.44,95.67,120.42,105.69,104.71
2014-11-14,88.33,80.44,113.56,95.87,120.79,106.2,104.98
2014-11-17,88.35,80.43,113.5,95.76,120.58,105.93,104.62
2014-11-18,88.33,80.42,113.59,95.87,120.79,106.23,104.71
2014-11-19,88.33,80.41,113.43,95.61,120.41,105.55,104.27
2014-11-20,88.33,80.43,113.53,95.79,120.66,106.1,104.54
2014-11-21,88.33,80.44,113.65,95.98,121.07,106.74,104.85
2014-11-24,88.35,80.45,113.72,96.09,121.18,106.83,104.93
2014-11-25,88.35,80.46,113.85,96.32,121.68,107.72,105.03
2014-11-26,88.33,80.47,113.98,96.49,122.01,108.01,105.08
2014-11-28,88.35,80.5,114.19,96.86,121.8,108.87,105.04
2014-12-01,88.33,80.5,114.14,96.62,122.28,108.23,104.79
2014-12-02,88.33,80.45,113.8,96.19,121.4,107.18,104.19
2014-12-03,88.33,80.42,113.75,96.23,121.58,107.6,104.32
2014-12-04,88.33,80.46,113.9,96.57,122.2,108.5,104.53
2014-12-05,88.35,80.31,113.4,96.03,121.7,107.87,103.92
2014-12-08,88.35,80.3,113.49,96.35,122.26,109.19,104.01
2014-12-09,88.33,80.33,113.72,96.71,122.83,109.75,104.45
2014-12-10,88.33,80.4,114.06,97.14,123.54,110.55,104.67
2014-12-11,88.33,80.36,113.85,96.98,123.48,111.0,104.53
2014-12-12,88.35,80.43,114.32,97.78,124.54,112.51,104.65
2014-12-15,88.31,80.38,114.0,97.42,124.3,112.28,104.24
2014-12-16,88.31,80.42,114.34,97.91,125.11,113.67,104.89
2014-12-17,88.31,80.35,113.81,97.24,124.19,112.64,104.4
2014-12-18,88.33,80.3,113.53,96.69,123.22,110.64,103.74
2014-12-19,88.31,80.24,113.67,97.04,123.82,112.13,104.25
2014-12-22,88.31,80.26,113.63,97.04,123.92,112.28,104.35
2014-12-23,88.31,80.18,113.24,96.24,122.38,110.05,103.6
2014-12-24,88.33,80.22,113.25,96.31,122.77,110.65,103.49
2014-12-26,88.31,80.19,113.25,96.44,122.93,111.06,103.52
2014-12-29,88.31,80.27,113.48,96.77,123.45,111.89,103.68
2014-12-30,88.31,80.29,113.64,96.88,123.64,112.19,103.65
2014-12-31,88.33,80.27,113.77,96.99,123.54,112.41,103.93
2015-01-02,88.31,80.35,114.02,97.48,124.53,113.66,104.6
2015-01-05,88.33,80.35,114.28,98.08,125.64,115.44,104.68
2015-01-06,88.31,80.39,114.63,98.73,126.8,117.52,104.69
2015-01-07,88.31,80.43,114.73,98.72,126.67,117.29,104.78
2015-01-08,88.31,80.42,114.59,98.31,125.75,115.74,104.61
2015-01-09,88.31,80.48,114.93,98.8,126.41,117.0,104.93
2015-01-12,88.31,80.53,115.18,99.15,126.88,117.67,104.9
2015-01-13,88.31,80.58,115.29,99.24,126.93,117.67,104.73
2015-01-14,88.31,80.63,115.6,99.7,127.59,118.57,105.35
2015-01-15,88.31,80.75,116.24,100.55,128.77,120.43,106.19
2015-01-16,88.31,80.67,115.72,99.81,127.76,118.9,105.59
2015-01-20,88.31,80.64,115.75,100.03,128.34,120.48,105.84
2015-01-21,88.33,80.64,115.49,99.56,127.54,119.08,105.41
2015-01-22,88.31,80.61,115.32,99.31,127.23,118.66,105.44
2015-01-23,88.33,80.65,115.66,99.96,128.26,120.31,106.08
2015-01-26,88.33,80.6,115.49,99.73,127.85,119.94,105.9
2015-01-27,88.33,80.65,115.6,99.87,128.05,120.13,106.23
2015-01-28,88.31,80.7,116.02,100.64,128.99,122.09,106.64
2015-01-29,88.31,80.67,115.85,100.28,128.41,121.29,106.52
2015-01-30,88.31,80.77,116.4,101.16,129.65,123.44,107.29
2015-02-02,88.31,80.74,116.33,101.03,129.1,122.98,107.22
2015-02-03,88.33,80.68,115.86,100.18,128.08,120.37,106.73
2015-02-04,88.31,80.69,115.93,100.35,128.44,120.58,106.95
2015-02-05,88.31,80.66,115.77,99.98,127.77,119.25,106.48
2015-02-06,88.31,80.47,114.85,98.86,126.76,117.14,105.65
2015-02-09,88.29,80.46,114.8,98.81,126.44,116.96,105.46
2015-02-10,88.31,80.44,114.65,98.57,126.02,116.02,105.11
2015-02-11,88.29,80.45,114.62,98.53,125.96,116.24,104.92
2015-02-12,88.29,80.48,114.75,98.57,125.9,115.86,104.75
2015-02-13,88.31,80.48,114.62,98.24,125.29,114.67,104.54
2015-02-17,88.31,80.44,114.2,97.54,124.12,112.94,104.01
2015-02-18,88.31,80.53,114.61,98.01,124.59,113.61,104.44
2015-02-19,88.31,80.49,114.41,97.76,124.23,112.86,104.36
2015-02-20,88.29,80.48,114.32,97.71,124.12,113.19,104.37
2015-02-23,88.31,80.52,114.59,98.16,124.84,114.49,104.56
2015-02-24,88.29,80.58,115.04,98.81,125.82,115.99,105.19
2015-02-25,88.31,80.58,115.09,98.9,126.09,116.49,105.37
2015-02-26,88.29,80.51,114.64,98.31,125.63,114.9,105.3
2015-02-27,88.31,80.53,114.85,98.66,125.92,115.86,105.91
2015-03-02,88.29,80.47,114.46,97.92,124.83,113.71,105.05
2015-03-03,88.31,80.45,114.32,97.71,124.59,113.29,105.19
2015-03-04,88.31,80.47,114.43,97.79,124.73,113.33,105.3
2015-03-05,88.31,80.5,114.53,97.84,124.68,113.19,105.11
2015-03-06,88.29,80.41,113.88,96.84,123.13,110.69,103.9
2015-03-09,88.31,80.45,114.16,97.29,123.77,111.71,103.74
2015-03-10,88.31,80.47,114.38,97.7,124.51,113.18,103.86
2015-03-11,88.31,80.47,114.44,97.88,124.95,114.0,104.03
2015-03-12,88.29,80.49,114.54,97.97,124.78,113.92,103.8
2015-03-13,88.31,80.5,114.51,97.82,124.78,113.57,103.47
2015-03-16,88.31,80.51,114.66,98.16,125.28,114.66,103.62
2015-03-17,88.31,80.49,114.74,98.37,125.68,115.61,103.72
2015-03-18,88.31,80.68,115.56,99.49,127.18,117.85,105.31
2015-03-19,88.31,80.57,115.14,99.03,126.6,117.25,105.24
2015-03-20,88.31,80.63,115.51,99.43,127.28,117.86,105.56
2015-03-23,88.29,80.66,115.59,99.56,127.18,117.72,105.51
2015-03-24,88.31,80.69,115.78,99.86,127.94,118.86,106.02
2015-03-25,88.29,80.67,115.53,99.43,127.3,117.86,105.99
2015-03-26,88.29,80.63,115.26,98.87,126.25,116.02,105.43
2015-03-27,88.29,80.68,115.46,99.26,127.05,117.46,105.47
2015-03-30,88.27,80.67,115.53,99.25,126.85,116.88,105.16
2015-03-31,88.31,80.74,115.75,99.5,127.06,117.13,105.4
2015-04-01,88.27,80.77,115.99,99.98,128.07,118.67,106.22
2015-04-02,88.29,80.76,115.91,99.69,127.42,117.41,105.83
2015-04-06,88.29,80.83,116.14,99.82,127.34,116.75,106.24
2015-04-07,88.31,80.77,116.03,99.9,127.68,117.73,106.48
2015-04-08,88.31,80.77,115.99,99.81,127.68,117.77,106.22
2015-04-09,88.29,80.74,115.74,99.41,126.95,116.24,105.83
2015-04-10,88.29,80.72,115.7,99.38,126.98,116.41,105.73
2015-04-13,88.27,80.77,115.86,99.58,127.05,116.58,105.76
2015-04-14,88.29,80.81,116.03,99.88,127.55,117.4,106.04
2015-04-15,88.27,80.81,116.09,99.93,127.64,117.3,106.36
2015-04-16,88.29,80.85,116.24,100.0,127.44,116.72,106.48
2015-04-17,88.27,80.81,116.21,100.21,128.04,118.06,107.16
2015-04-20,88.27,80.8,116.17,100.02,127.49,117.02,106.87
2015-04-21,88.29,80.81,116.09,99.81,127.27,116.49,106.49
2015-04-22,88.27,80.74,115.74,99.23,126.29,114.71,106.0
2015-04-23,88.27,80.78,115.91,99.54,126.81,115.2,106.27
2015-04-24,88.27,80.81,116.18,99.89,127.24,115.92,106.73
2015-04-27,88.29,80.8,116.05,99.73,127.24,115.92,106.74
2015-04-28,88.29,80.76,115.77,99.27,126.34,114.32,106.13
2015-04-29,88.29,80.77,115.66,98.9,125.57,112.92,105.94
2015-04-30,88.29,80.76,115.63,98.87,125.67,113.12,106.11
2015-05-01,88.27,80.73,115.26,98.33,124.75,111.59,105.68
2015-05-04,88.29,80.73,115.23,98.13,124.29,110.54,105.27
2015-05-05,88.29,80.71,115.13,97.96,124.18,110.39,105.22
2015-05-06,88.29,80.68,114.9,97.49,123.21,108.5,104.38
2015-05-07,88.27,80.65,115.03,97.9,124.03,109.96,104.65
2015-05-08,88.29,80.77,115.41,98.28,124.45,110.25,105.08
2015-05-11,88.27,80.69,114.9,97.31,122.94,107.57,104.13
2015-05-12,88.29,80.7,114.94,97.38,123.02,107.85,104.23
2015-05-13,88.29,80.74,114.95,97.26,122.68,106.99,104.07
2015-05-14,88.27,80.81,115.24,97.59,123.13,107.28,104.27
2015-05-15,88.27,80.81,115.53,98.29,124.36,109.43,104.99
2015-05-18,88.27,80.77,115.21,97.62,123.25,107.59,104.43
2015-05-19,88.27,80.72,114.83,97.19,122.68,106.64,103.93
2015-05-20,88.27,80.75,115.04,97.4,122.95,106.82,104.21
2015-05-21,88.29,80.78,115.34,97.98,123.85,108.31,104.61
2015-05-22,88.29,80.72,115.19,97.76,123.72,108.36,104.79
2015-05-26,88.29,80.73,115.36,98.37,124.61,110.21,104.87
2015-05-27,88.29,80.74,115.34,98.31,124.87,110.46,104.78
2015-05-28,88.27,80.78,115.48,98.41,124.69,110.19,104.71
2015-05-29,88.27,80.79,115.55,98.46,125.02,110.43,105.05
2015-06-01,88.27,80.74,115.29,98.03,124.25,109.25,104.4
2015-06-02,88.29,80.73,114.98,97.35,123.25,107.72,103.97
2015-06-03,88.29,80.71,114.55,96.52,121.92,105.99,103.33
2015-06-04,88.27,80.72,114.76,96.99,122.78,107.37,103.62
2015-06-05,88.27,80.64,114.3,96.28,121.84,106.06,103.33
2015-06-08,88.25,80.69,114.48,96.42,122.09,105.95,103.47
2015-06-09,88.25,80.65,114.26,96.11,121.66,105.11,103.24
2015-06-10,88.27,80.63,114.04,95.74,121.11,104.19,102.87
2015-06-11,88.29,80.65,114.43,96.5,122.35,106.38,103.38
2015-06-12,88.27,80.63,114.38,96.44,122.33,106.4,103.43
2015-06-15,88.29,80.67,114.58,96.67,122.56,106.55,103.77
2015-06-16,88.25,80.7,114.75,97.04,123.15,107.38,104.38
2015-06-17,88.29,80.75,114.96,97.1,122.96,106.56,104.5
2015-06-18,88.25,80.77,114.94,97.02,122.79,106.06,104.27
2015-06-19,88.25,80.79,115.23,97.54,123.68,107.4,104.49
2015-06-22,88.27,80.73,114.78,96.72,122.37,105.21,104.03
2015-06-23,88.25,80.72,114.64,96.42,121.96,104.58,103.79
2015-06-24,88.25,80.75,114.81,96.71,122.43,105.48,103.98
2015-06-25,88.27,80.73,114.61,96.47,121.97,105.11,103.87
2015-06-26,88.25,80.69,114.43,96.01,121.23,103.93,103.4
2015-06-29,88.27,80.82,115.09,97.12,122.97,106.61,104.16
2015-06-30,88.27,80.82,115.02,96.86,122.53,106.0,103.97
2015-07-01,88.27,80.75,114.7,96.35,121.74,104.51,103.59
2015-07-02,88.27,80.88,115.04,96.69,122.09,104.91,104.04
2015-07-06,88.27,80.89,115.43,97.38,123.38,106.79,104.45
2015-07-07,88.25,80.89,115.56,97.63,124.06,107.8,104.8
2015-07-08,88.25,80.97,115.76,98.02,124.55,108.73,104.93
2015-07-09,88.25,80.91,115.38,97.34,123.46,106.59,104.25
2015-07-10,88.25,80.84,114.98,96.66,122.21,104.9,103.76
2015-07-13,88.25,80.8,114.77,96.41,121.97,104.57,103.39
2015-07-14,88.27,80.84,114.98,96.71,122.17,104.91,103.56
2015-07-15,88.25,80.87,115.21,97.08,122.97,106.02,103.85
2015-07-16,88.25,80.83,115.1,97.04,123.25,106.76,103.98
2015-07-17,88.27,80.81,115.03,97.05,123.4,107.31,103.91
2015-07-20,88.25,80.76,114.85,96.86,123.26,106.86,103.66
2015-07-21,88.27,80.77,115.02,97.13,123.72,107.44,103.9
2015-07-22,88.25,80.76,115.01,97.25,124.05,108.1,103.95
2015-07-23,88.25,80.77,115.24,97.64,124.81,109.45,104.13
2015-07-24,88.27,80.79,115.3,97.74,124.92,109.72,104.02
2015-07-27,88.25,80.85,115.58,98.06,125.34,110.31,104.23
2015-07-28,88.25,80.83,115.48,97.78,124.8,109.51,103.98
2015-07-29,88.27,80.81,115.35,97.64,124.48,109.13,103.97
2015-07-30,88.27,80.77,115.35,97.75,124.76,109.94,104.12
2015-07-31,88.27,80.86,115.79,98.33,125.59,110.75,104.53
2015-08-03,88.27,80.88,115.88,98.63,126.16,111.92,104.43
2015-08-04,88.25,80.76,115.45,98.12,125.33,111.03,103.85
2015-08-05,88.25,80.77,115.23,97.74,124.78,110.2,103.52
2015-08-06,88.25,80.79,115.4,98.08,125.53,111.18,103.71
2015-08-07,88.25,80.75,115.6,98.47,126.1,112.63,104.0
2015-08-10,88.27,80.75,115.44,98.06,125.36,111.24,103.85
2015-08-11,88.25,80.85,115.86,98.71,126.4,113.01,104.28
2015-08-12,88.25,80.85,115.91,98.67,126.2,112.39,104.03
2015-08-13,88.25,80.79,115.63,98.41,125.88,112.03,103.76
2015-08-14,88.23,80.75,115.53,98.31,125.77,112.29,103.64
2015-08-17,88.23,80.8,115.71,98.49,126.01,112.8,103.64
2015-08-18,88.25,80.79,115.63,98.33,125.6,111.91,103.39
2015-08-19,88.27,80.86,116.06,98.93,126.42,112.98,103.74
2015-08-20,88.25,80.84,116.12,99.2,126.89,114.16,104.03
2015-08-21,88.25,80.92,116.39,99.6,127.3,114.49,104.06
2015-08-24,88.25,80.96,116.67,99.76,127.28,114.45,103.7
2015-08-25,88.25,80.92,116.33,99.22,126.3,112.63,103.45
2015-08-26,88.27,80.87,116.03,98.61,125.03,110.42,102.83
2015-08-27,88.25,80.88,116.0,98.55,125.17,110.51,103.33
2015-08-28,88.27,80.85,115.92,98.57,125.21,110.84,103.63
2015-08-31,88.27,80.82,115.74,98.4,124.92,109.99,103.53
2015-09-01,88.27,80.85,116.0,98.85,125.54,110.78,103.35
2015-09-02,88.25,80.86,115.95,98.58,125.18,109.83,103.02
2015-09-03,88.27,80.86,116.11,98.82,125.49,110.31,103.03
2015-09-04,88.25,80.87,116.2,99.12,126.0,111.37,103.2
2015-09-08,88.25,80.85,115.94,98.69,125.13,109.73,102.73
2015-09-09,88.25,80.83,115.99,98.73,125.36,110.26,102.96
2015-09-10,88.23,80.85,115.92,98.5,124.98,109.51,102.99
2015-09-11,88.25,80.88,116.1,98.76,125.33,110.2,103.28
2015-09-14,88.25,80.86,116.16,98.86,125.46,110.37,103.08
2015-09-15,88.23,80.75,115.66,98.08,124.19,108.26,102.39
2015-09-16,88.23,80.74,115.64,98.05,124.08,107.85,102.36
2015-09-17,88.23,80.92,116.29,98.87,125.2,109.17,103.16
2015-09-18,88.23,80.96,116.53,99.33,126.06,110.85,103.48
2015-09-21,88.25,80.91,116.23,98.76,125.06,109.04,102.83
2015-09-22,88.25,80.96,116.53,99.25,125.99,110.55,103.08
2015-09-23,88.23,80.93,116.44,99.14,125.89,110.55,103.01
2015-09-24,88.23,80.98,116.56,99.29,126.27,111.3,103.02
2015-09-25,88.23,80.94,116.43,99.03,125.99,110.34,102.47
2015-09-28,88.25,81.0,116.72,99.6,126.98,112.23,102.5
2015-09-29,88.25,81.04,116.91,99.94,127.37,112.54,102.79
2015-09-30,88.23,81.05,117.0,99.96,127.21,112.15,102.99
2015-10-01,88.25,81.05,117.02,100.04,127.41,112.63,103.37
2015-10-02,88.25,81.17,117.43,100.52,128.11,113.31,103.96
2015-10-05,88.23,81.11,117.14,99.96,127.22,111.78,103.65
2015-10-06,88.23,81.1,117.24,100.17,127.54,112.26,103.94
2015-10-07,88.23,81.08,117.04,99.92,127.1,111.89,103.92
2015-10-08,88.23,81.06,116.88,99.66,126.67,110.95,103.89
2015-10-09,88.23,81.06,116.83,99.71,126.76,111.24,103.6
2015-10-12,88.23,81.05,117.06,100.05,127.28,112.09,103.78
2015-10-13,88.23,81.07,117.13,100.14,127.45,112.28,103.73
2015-10-14,88.23,81.19,117.57,100.69,128.25,113.26,104.08
2015-10-15,88.23,81.14,117.29,100.34,127.71,112.7,103.89
2015-10-16,88.23,81.1,117.22,100.26,127.72,112.74,103.61
2015-10-19,88.23,81.13,117.23,100.21,127.62,112.43,103.43
2015-10-20,88.21,81.08,117.0,99.87,127.02,111.74,103.31
2015-10-21,88.23,81.11,117.1,100.21,127.58,112.85,103.38
2015-10-22,88.23,81.14,117.25,100.32,127.61,113.04,103.73
2015-10-23,88.23,81.07,116.87,99.75,126.84,112.08,103.58
2015-10-26,88.21,81.07,116.99,100.01,127.23,112.82,103.55
2015-10-27,88.21,81.1,117.15,100.26,127.5,113.1,103.78
2015-10-28,88.21,81.0,116.69,99.74,126.91,112.65,103.26
2015-10-29,88.21,80.94,116.38,99.13,126.0,110.87,102.98
2015-10-30,88.21,80.94,116.44,99.32,126.22,111.69,103.3
2015-11-02,88.21,80.89,116.2,99.04,125.87,111.18,103.25
2015-11-03,88.23,80.88,116.09,98.78,125.47,110.27,103.08
2015-11-04,88.21,80.8,115.86,98.67,125.33,110.4,102.94
2015-11-05,88.21,80.8,115.81,98.61,125.13,110.1,102.61
2015-11-06,88.21,80.72,115.37,97.94,124.08,108.49,102.18
2015-11-09,88.23,80.7,115.27,97.77,123.84,107.88,102.15
2015-11-10,88.21,80.74,115.48,97.96,124.06,108.2,102.11
2015-11-11,88.23,80.72,115.46,97.91,124.09,107.97,102.1
2015-11-12,88.23,80.75,115.49,97.97,124.31,108.49,102.1
2015-11-13,88.21,80.82,115.78,98.34,124.75,109.11,102.24
2015-11-16,88.23,80.82,115.85,98.47,124.84,109.01,102.18
2015-11-17,88.21,80.79,115.8,98.44,124.93,109.19,102.37
2015-11-18,88.21,80.76,115.69,98.4,124.9,109.42,102.52
2015-11-19,88.23,80.74,115.8,98.61,125.27,110.15,102.88
2015-11-20,88.21,80.74,115.73,98.48,125.07,109.81,102.97
2015-11-23,88.23,80.73,115.8,98.61,125.25,110.15,103.09
2015-11-24,88.21,80.73,115.87,98.7,125.4,110.14,103.2
2015-11-25,88.21,80.74,115.86,98.76,125.46,110.4,103.14
2015-11-27,88.23,80.76,115.96,98.86,125.54,110.29,103.2
2015-11-30,88.23,80.73,115.96,98.9,125.72,110.72,103.15
2015-12-01,88.21,80.78,116.26,99.42,126.55,112.22,103.53
2015-12-02,88.21,80.71,116.04,99.14,126.39,112.26,103.18
2015-12-03,88.23,80.71,115.52,98.1,124.67,109.21,102.54
2015-12-04,88.23,80.73,115.68,98.46,125.23,110.16,102.8
2015-12-07,88.23,80.72,115.84,98.78,125.8,111.23,102.76
2015-12-08,88.21,80.71,115.91,98.84,125.89,111.29,102.79
2015-12-09,88.19,80.74,116.06,98.99,126.01,111.17,102.59
2015-12-10,88.21,80.69,115.89,98.77,125.88,111.32,102.37
2015-12-11,88.23,80.79,116.41,99.56,127.12,113.07,102.7
2015-12-14,88.23,80.69,115.97,98.83,126.13,111.61,101.97
2015-12-15,88.21,80.68,115.76,98.58,125.49,110.95,101.91
2015-12-16,88.23,80.62,115.56,98.32,125.3,110.71,101.62
2015-12-17,88.21,80.62,115.72,98.73,126.03,111.96,101.97
2015-12-18,88.23,80.72,115.98,99.08,126.45,112.59,102.25
2015-12-21,88.21,80.71,116.02,99.13,126.54,112.56,102.06
2015-12-22,88.21,80.69,115.82,98.85,125.92,111.75,101.92
2015-12-23,88.21,80.67,115.68,98.62,125.51,110.9,102.02
2015-12-24,88.23,80.7,115.74,98.8,125.95,111.54,102.19
2015-12-28,88.21,80.65,115.79,98.82,125.98,111.87,102.22
2015-12-29,88.21,80.63,115.48,98.3,125.1,110.01,101.83
2015-12-30,88.23,80.65,115.51,98.34,125.1,109.9,101.94
2015-12-31,88.21,80.61,115.63,98.45,125.26,110.4,102.11
2016-01-04,88.23,80.72,115.86,98.87,125.88,111.19,102.51
2016-01-05,88.23,80.67,115.91,98.84,125.71,110.74,102.44
2016-01-06,88.19,80.72,116.25,99.44,126.76,112.24,102.77
2016-01-07,88.21,80.74,116.51,99.65,127.07,112.44,102.69
2016-01-08,88.21,80.8,116.75,99.9,127.41,112.94,102.77
2016-01-11,88.21,80.83,116.61,99.59,126.77,111.71,102.23
2016-01-12,88.23,80.84,116.83,100.03,127.63,113.32,102.51
2016-01-13,88.21,80.89,117.06,100.43,128.16,114.43,102.72
2016-01-14,88.19,80.91,117.03,100.22,127.67,113.36,102.63
2016-01-15,88.19,80.97,117.35,100.69,128.62,115.13,102.63
2016-01-19,88.21,80.96,117.24,100.56,128.35,114.77,102.53
2016-01-20,88.21,81.02,117.55,101.05,129.08,115.98,102.58
2016-01-21,88.23,81.01,117.44,100.8,128.76,115.19,102.21
2016-01-22,88.19,80.98,117.27,100.58,128.37,114.75,102.36
2016-01-25,88.21,80.98,117.39,100.91,128.78,115.38,102.56
2016-01-26,88.19,81.02,117.5,100.99,128.96,115.43,102.82
2016-01-27,88.21,81.04,117.57,101.06,128.86,115.4,103.08
2016-01-28,88.21,81.04,117.71,101.19,129.14,115.57,103.29
2016-01-29,88.23,81.14,118.11,101.73,129.9,116.55,103.71
2016-02-01,88.19,81.09,117.9,101.5,129.69,116.19,103.52
2016-02-02,88.19,81.2,118.38,102.22,130.88,118.35,103.84
2016-02-03,88.21,81.22,118.41,102.1,130.49,117.37,103.97
2016-02-04,88.23,81.24,118.52,102.35,130.87,117.93,103.99
2016-02-05,88.23,81.22,118.53,102.48,130.93,118.07,103.7
2016-02-08,88.21,81.31,118.99,103.24,132.38,120.61,103.78
2016-02-09,88.23,81.28,118.96,103.26,132.29,120.74,103.54
2016-02-10,88.21,81.28,119.1,103.57,132.87,121.81,103.92
2016-02-11,88.23,81.36,119.29,104.05,133.58,122.66,104.29
2016-02-12,88.21,81.27,118.87,103.25,132.63,120.62,103.9
2016-02-16,88.21,81.22,118.72,102.94,131.86,119.35,103.47
2016-02-17,88.21,81.24,118.55,102.69,131.37,118.61,103.29
2016-02-18,88.23,81.3,118.82,103.17,132.12,120.07,103.58
2016-02-19,88.23,81.23,118.72,103.17,132.18,120.17,103.66
2016-02-22,88.23,81.24,118.69,103.07,132.12,120.11,103.92
2016-02-23,88.21,81.25,118.79,103.27,132.39,120.59,104.23
2016-02-24,88.23,81.27,118.82,103.27,132.23,120.36,104.46
2016-02-25,88.21,81.28,119.03,103.58,132.72,120.79,104.89
2016-02-26,88.21,81.18,118.71,103.07,132.0,119.62,104.62
2016-02-29,88.23,81.23,118.76,103.24,132.31,120.14,104.98
2016-03-01,88.23,81.12,118.21,102.44,131.01,118.03,104.69
2016-03-02,88.21,81.11,118.11,102.26,131.01,118.52,104.91
2016-03-03,88.23,81.14,118.12,102.38,131.2,118.95,105.13
2016-03-04,88.23,81.08,117.95,102.03,130.62,118.19,104.8
2016-03-07,88.23,81.02,117.77,101.83,130.44,118.15,104.38
2016-03-08,88.21,81.08,118.15,102.42,131.56,119.45,104.78
2016-03-09,88.23,81.05,117.94,102.02,130.84,118.73,104.72
2016-03-10,88.23,81.04,117.63,101.65,130.47,118.24,104.35
2016-03-11,88.21,80.97,117.47,101.36,129.79,117.05,104.32
2016-03-14,88.21,80.97,117.45,101.44,129.93,117.41,104.19
2016-03-15,88.21,80.99,117.46,101.42,129.95,117.52,103.99
2016-03-16,88.23,81.16,117.95,101.95,130.61,117.87,105.1
2016-03-17,88.21,81.15,118.03,102.06,130.89,118.36,105.33
2016-03-18,88.21,81.17,118.28,102.24,131.15,118.61,105.68
2016-03-21,88.23,81.16,118.02,101.95,130.51,117.7,105.71
2016-03-22,88.23,81.11,117.89,101.73,130.33,117.67,105.44
2016-03-23,88.21,81.16,118.17,102.2,131.19,119.0,105.55
2016-03-24,88.23,81.12,118.11,102.1,130.98,119.05,105.31
2016-03-28,88.23,81.14,118.17,102.25,131.26,119.21,105.44
2016-03-29,88.23,81.29,118.68,102.94,132.42,120.46,106.55
2016-03-30,88.23,81.3,118.78,102.8,131.61,119.19,106.61
2016-03-31,88.23,81.34,119.04,103.17,132.48,120.03,106.73
2016-04-01,88.23,81.29,118.95,103.14,132.55,120.35,106.81
2016-04-04,88.23,81.35,119.05,103.27,132.62,120.42,106.94
2016-04-05,88.25,81.38,119.3,103.68,133.51,121.74,107.05
2016-04-06,88.25,81.35,119.19,103.45,132.9,120.85,106.77
2016-04-07,88.23,81.4,119.49,103.99,133.94,122.34,107.15
2016-04-08,88.25,81.4,119.41,103.83,133.45,121.57,106.93
2016-04-11,88.23,81.39,119.41,103.81,133.49,121.41,106.66
2016-04-12,88.23,81.37,119.15,103.4,132.88,120.58,106.21
2016-04-13,88.25,81.33,119.1,103.47,133.05,121.0,106.31
2016-04-14,88.25,81.33,118.95,103.23,132.62,120.42,106.06
2016-04-15,88.23,81.39,119.15,103.54,133.19,121.45,106.44
2016-04-18,88.25,81.38,119.1,103.44,132.89,120.93,106.42
2016-04-19,88.25,81.35,118.95,103.27,132.69,120.55,106.61
2016-04-20,88.25,81.29,118.69,102.74,131.78,119.22,106.16
2016-04-21,88.23,81.27,118.52,102.57,131.46,118.51,106.03
2016-04-22,88.25,81.27,118.49,102.46,131.32,118.21,105.96
2016-04-25,88.23,81.25,118.38,102.35,130.91,117.72,105.84
2016-04-26,88.25,81.23,118.27,102.13,130.49,117.19,105.8
2016-04-27,88.25,81.29,118.63,102.7,131.42,118.36,106.44
2016-04-28,88.25,81.34,118.86,103.05,131.95,118.84,107.0
2016-04-29,88.27,81.37,118.88,103.01,131.99,119.15,106.95
2016-05-02,88.25,81.34,118.72,102.71,131.35,117.95,106.6
2016-05-03,88.27,81.43,119.09,103.32,132.27,119.43,106.64
2016-05-04,88.25,81.42,119.23,103.51,132.69,120.09,106.76
2016-05-05,88.25,81.44,119.39,103.79,133.2,120.89,107.11
2016-05-06,88.27,81.43,119.25,103.55,132.74,120.38,106.74
2016-05-09,88.27,81.46,119.45,103.75,133.1,120.75,106.8
2016-05-10,88.27,81.48,119.43,103.73,133.0,120.76,107.13
2016-05-11,88.23,81.45,119.42,103.89,133.49,121.45,107.11
2016-05-12,88.23,81.41,119.27,103.61,133.05,120.89,107.03
2016-05-13,88.23,81.42,119.41,104.0,133.77,122.06,107.29
2016-05-16,88.23,81.38,119.17,103.62,133.06,121.01,107.17
2016-05-17,88.23,81.35,119.03,103.48,133.1,121.22,107.25
2016-05-18,88.25,81.21,118.49,102.65,131.74,119.49,106.32
2016-05-19,88.23,81.22,118.55,102.75,132.08,120.01,106.27
2016-05-20,88.25,81.25,118.65,102.82,132.15,120.1,106.21
2016-05-23,88.27,81.24,118.64,102.88,132.33,120.37,106.27
2016-05-24,88.23,81.19,118.48,102.71,131.9,119.83,106.17
2016-05-25,88.25,81.23,118.44,102.67,131.77,119.38,106.25
2016-05-26,88.25,81.28,118.75,102.99,132.37,120.0,106.56
2016-05-27,88.27,81.23,118.51,102.79,131.98,119.82,106.42
2016-05-31,88.27,81.27,118.62,102.91,132.37,120.11,106.26
2016-06-01,88.27,81.22,118.55,102.88,132.49,120.6,106.1
2016-06-02,88.25,81.28,118.73,103.2,133.14,121.46,106.46
2016-06-03,88.27,81.42,119.44,104.15,134.38,123.19,107.15
2016-06-06,88.29,81.4,119.29,103.88,133.95,122.28,107.27
2016-06-07,88.29,81.42,119.42,104.03,134.22,122.57,107.56
2016-06-08,88.29,81.44,119.44,104.15,134.53,123.23,107.81
2016-06-09,88.25,81.46,119.52,104.31,134.9,124.03,107.85
2016-06-10,88.25,81.5,119.76,104.68,135.39,124.63,107.85
2016-06-13,88.25,81.52,119.98,104.89,135.87,125.18,107.71
2016-06-14,88.25,81.53,119.96,104.86,135.77,125.09,107.44
2016-06-15,88.25,81.63,120.28,105.18,136.14,125.57,107.94
2016-06-16,88.27,81.58,120.24,105.29,136.52,126.18,107.73
2016-06-17,88.25,81.59,120.13,104.93,135.94,125.39,107.46
2016-06-20,88.27,81.54,119.8,104.48,135.08,124.05,107.15
2016-06-21,88.27,81.48,119.66,104.25,134.83,123.48,106.83
2016-06-22,88.27,81.51,119.81,104.45,135.08,123.68,107.11
2016-06-23,88.27,81.48,119.47,103.96,134.19,122.27,107.15
2016-06-24,88.25,81.68,120.37,105.39,136.5,125.55,107.82
2016-06-27,88.25,81.72,120.86,106.3,138.26,128.69,108.14
2016-06-28,88.25,81.75,120.87,106.29,138.26,128.95,108.51
2016-06-29,88.25,81.72,120.64,105.85,137.64,127.97,108.45
2016-06-30,88.25,81.76,120.77,106.09,137.91,128.44,108.65
2016-07-01,88.29,81.79,120.96,106.37,138.88,130.22,109.49
2016-07-05,88.29,81.83,121.2,106.95,139.81,131.85,109.67
2016-07-06,88.27,81.79,121.16,106.97,139.77,132.06,109.93
2016-07-07,88.29,81.75,121.13,106.83,139.6,132.05,109.71
2016-07-08,88.27,81.75,121.16,107.04,139.96,133.03,109.95
2016-07-11,88.29,81.67,120.74,106.47,139.13,131.86,109.42
2016-07-12,88.25,81.64,120.43,105.84,137.98,129.69,109.05
2016-07-13,88.27,81.66,120.54,106.12,138.69,131.22,109.29
2016-07-14,88.29,81.61,120.34,105.67,137.79,129.31,109.01
2016-07-15,88.27,81.57,120.11,105.27,137.0,128.2,108.89
2016-07-18,88.27,81.62,120.14,105.24,136.83,128.08,108.81
2016-07-19,88.29,81.63,120.31,105.52,137.41,128.8,108.82
2016-07-20,88.29,81.59,120.17,105.31,136.95,128.1,108.62
2016-07-21,88.29,81.65,120.38,105.54,137.17,128.36,108.67
2016-07-22,88.29,81.62,120.27,105.46,137.23,128.58,108.58
2016-07-25,88.27,81.56,120.14,105.37,137.09,128.49,108.34
2016-07-26,88.27,81.57,120.17,105.44,137.21,128.69,108.53
2016-07-27,88.29,81.63,120.46,105.89,137.98,130.29,108.95
2016-07-28,88.27,81.62,120.54,105.95,138.09,130.05,109.1
2016-07-29,88.29,81.72,120.84,106.35,138.81,131.14,109.34
2016-08-01,88.27,81.7,120.66,105.98,138.09,129.72,108.7
2016-08-02,88.29,81.67,120.54,105.73,137.56,128.38,108.16
2016-08-03,88.27,81.68,120.64,105.78,137.6,128.45,108.47
2016-08-04,88.27,81.73,120.81,106.04,137.99,129.42,108.92
2016-08-05,88.27,81.62,120.26,105.38,137.0,128.07,108.66
2016-08-08,88.27,81.59,120.2,105.32,137.01,128.31,108.74
2016-08-09,88.27,81.64,120.46,105.7,137.75,129.58,109.0
2016-08-10,88.27,81.68,120.63,105.98,138.04,130.08,109.03
2016-08-11,88.27,81.6,120.24,105.47,137.31,128.92,108.74
2016-08-12,88.27,81.66,120.54,105.85,138.0,130.0,109.02
2016-08-15,88.27,81.64,120.34,105.54,137.24,128.78,108.74
2016-08-16,88.27,81.61,120.16,105.36,136.96,128.43,108.58
2016-08-17,88.27,81.61,120.28,105.53,137.22,129.21,108.91
2016-08-18,88.29,81.67,120.44,105.72,137.53,129.41,109.1
2016-08-19,88.27,81.59,120.16,105.36,136.98,128.73,108.92
2016-08-22,88.27,81.6,120.33,105.6,137.58,129.82,109.15
2016-08-23,88.27,81.61,120.34,105.59,137.61,129.96,109.3
2016-08-24,88.29,81.59,120.34,105.55,137.49,129.65,109.13
2016-08-25,88.27,81.56,120.16,105.38,137.12,129.16,109.07
2016-08-26,88.27,81.48,119.81,104.97,136.6,128.41,108.65
2016-08-29,88.29,81.53,120.11,105.41,137.33,130.12,109.05
2016-08-30,88.29,81.54,120.1,105.4,137.25,129.62,108.95
2016-08-31,88.29,81.53,119.97,105.27,137.26,129.81,108.97
2016-09-01,88.29,81.57,120.12,105.44,137.48,129.95,109.06
2016-09-02,88.31,81.57,120.02,105.17,136.84,128.89,108.94
2016-09-06,88.31,81.63,120.42,105.66,137.68,129.83,109.46
2016-09-07,88.29,81.63,120.39,105.71,137.81,129.74,109.6
2016-09-08,88.29,81.57,120.07,105.19,136.79,128.11,109.21
2016-09-09,88.31,81.54,119.83,104.69,135.75,126.0,108.46
2016-09-12,88.27,81.57,119.92,104.79,135.71,126.07,108.5
2016-09-13,88.29,81.54,119.75,104.4,135.03,124.63,108.02
2016-09-14,88.29,81.59,119.92,104.64,135.29,124.82,108.19
2016-09-15,88.29,81.66,120.06,104.67,135.15,124.28,108.16
2016-09-16,88.29,81.62,120.05,104.78,135.5,125.28,108.34
2016-09-19,88.29,81.6,119.96,104.6,135.2,124.87,108.2
2016-09-20,88.29,81.58,120.02,104.76,135.42,125.31,108.19
2016-09-21,88.29,81.6,120.07,104.93,135.88,126.33,108.69
2016-09-22,88.31,81.58,120.17,105.24,136.31,127.33,109.23
2016-09-23,88.31,81.63,120.25,105.29,136.32,127.21,109.53
2016-09-26,88.31,81.68,120.45,105.59,136.81,128.02,109.58
2016-09-27,88.29,81.69,120.54,105.77,137.33,128.96,109.68
2016-09-28,88.29,81.68,120.45,105.72,137.2,128.68,109.81
2016-09-29,88.29,81.71,120.55,105.79,137.4,129.0,109.79
2016-09-30,88.31,81.64,120.39,105.52,136.83,127.85,109.79
2016-10-03,88.29,81.63,120.24,105.28,136.5,127.43,109.68
2016-10-04,88.31,81.56,119.98,104.8,135.64,125.94,109.15
2016-10-05,88.31,81.51,119.85,104.56,135.19,125.35,108.97
2016-10-06,88.31,81.51,119.63,104.34,134.83,124.65,109.02
2016-10-07,88.31,81.54,119.75,104.5,134.97,124.74,109.0
2016-10-10,88.31,81.5,119.57,104.22,134.42,124.0,108.85
2016-10-11,88.29,81.49,119.54,104.19,134.41,123.72,108.76
2016-10-12,88.31,81.49,119.56,104.19,134.32,123.84,108.72
2016-10-13,88.29,81.52,119.76,104.41,134.81,124.31,108.89
2016-10-14,88.29,81.5,119.63,104.09,133.99,122.57,108.79
2016-10-17,88.29,81.57,119.79,104.32,134.38,123.35,109.28
2016-10-18,88.29,81.6,119.93,104.52,134.67,123.75,109.35
2016-10-19,88.31,81.6,119.95,104.57,134.8,123.85,109.5
2016-10-20,88.29,81.56,119.85,104.48,134.74,123.98,109.33
2016-10-21,88.29,81.58,119.88,104.59,134.87,124.17,109.45
2016-10-24,88.29,81.55,119.78,104.45,134.51,123.63,109.28
2016-10-25,88.29,81.55,119.78,104.43,134.61,123.95,109.45
2016-10-26,88.31,81.52,119.66,104.2,134.17,123.12,109.34
2016-10-27,88.29,81.54,119.46,103.84,133.47,121.77,108.86
2016-10-28,88.31,81.54,119.58,103.86,133.4,121.5,108.99
2016-10-31,88.33,81.6,119.63,103.95,133.71,122.25,109.19
2016-11-01,88.31,81.6,119.73,103.95,133.74,122.26,109.2
2016-11-02,88.33,81.65,119.92,104.26,134.13,122.79,109.25
2016-11-03,88.31,81.66,119.94,104.2,133.87,121.85,108.94
2016-11-04,88.33,81.69,120.14,104.52,134.28,122.94,109.22
2016-11-07,88.31,81.66,119.84,104.08,133.68,121.89,109.17
2016-11-08,88.33,81.57,119.56,103.71,133.23,121.4,108.98
2016-11-09,88.29,81.47,118.75,102.14,130.31,116.25,108.17
2016-11-10,88.29,81.44,118.45,101.52,129.41,114.53,107.98
2016-11-11,88.25,81.44,118.25,101.31,129.14,113.89,107.68
2016-11-14,88.29,81.31,117.85,100.73,128.24,113.21,106.85
2016-11-15,88.31,81.34,117.79,100.73,128.48,113.77,106.91
2016-11-16,88.31,81.33,117.79,100.82,128.72,114.79,107.14
2016-11-17,88.33,81.32,117.55,100.38,127.82,113.1,106.96
2016-11-18,88.31,81.27,117.27,99.93,127.27,112.78,106.8
2016-11-21,88.29,81.26,117.28,100.02,127.55,113.06,107.05
2016-11-22,88.29,81.24,117.4,100.11,127.51,113.02,107.15
2016-11-23,88.29,81.2,117.05,99.75,127.09,112.58,106.79
2016-11-25,88.31,81.19,117.06,99.67,126.99,112.75,106.61
2016-11-28,88.29,81.23,117.3,100.12,127.64,113.58,106.77
2016-11-29,88.29,81.24,117.38,100.22,127.87,114.06,106.88
2016-11-30,88.29,81.22,117.02,99.55,126.69,112.21,106.93
2016-12-01,88.33,81.18,116.81,99.17,125.99,111.02,106.62
2016-12-02,88.31,81.26,117.16,99.62,126.67,111.84,106.68
2016-12-05,88.31,81.26,117.08,99.58,126.57,111.72,106.83
2016-12-06,88.33,81.24,117.17,99.62,126.7,111.63,107.04
2016-12-07,88.33,81.27,117.39,99.95,127.18,112.59,107.13
2016-12-08,88.33,81.26,117.21,99.57,126.42,111.26,107.03
2016-12-09,88.33,81.25,116.91,99.06,125.51,109.87,106.54
2016-12-12,88.31,81.22,116.93,99.08,125.61,110.08,106.52
2016-12-13,88.33,81.22,116.9,99.14,125.8,110.47,106.48
2016-12-14,88.33,81.06,116.23,98.31,124.61,109.24,105.64
2016-12-15,88.33,81.02,115.98,98.04,124.56,109.79,104.98
2016-12-16,88.31,81.06,116.11,98.16,124.53,109.54,104.92
2016-12-19,88.33,81.1,116.43,98.61,125.41,110.71,105.36
2016-12-20,88.31,81.11,116.33,98.41,125.05,110.16,105.46
2016-12-21,88.33,81.15,116.41,98.57,125.24,110.65,105.73
2016-12-22,88.31,81.17,116.39,98.52,125.14,110.45,106.06
2016-12-23,88.31,81.17,116.5,98.62,125.31,110.68,106.18
2016-12-27,88.33,81.13,116.35,98.48,125.04,110.32,106.13
2016-12-28,88.33,81.16,116.59,98.84,125.75,111.13,106.41
2016-12-29,88.35,81.25,116.87,99.14,126.01,111.52,106.54
2016-12-30,88.31,81.27,117.04,99.44,126.32,111.69,106.89
